id,title,overview,genres,popularity,vote_average,poster_path,backdrop_path,release_date,media_type,timestamp
1315303,Primate,"Lucy, a college student, along with her friends, spend their vacation at her family's home in Hawaii, which includes her pet chimpanzee, Ben. However, when Ben contracts rabies after being bitten by a rabid animal, the group must fight for their lives in order to avoid the now-violent chimp.","27, 53",250.6141,6.586,/57cyAMc9c8iveudogTRuDOQjujn.jpg,/9uakM2woks0JV8HKIc4oatIVS88.jpg,2026-01-01,movie,2026-02-15 23:40:48.798638
1317672,Love Me Love Me,"After her brother's death, June moves to Milan for a fresh start, finding comfort in Will, the perfect honor student at her new international school. But when his troubled best friend James-hiding a dangerous life in clandestine MMA fights-sparks a rivalry that quickly turns into irresistible attraction, June must choose between safety and a love that upends everything she thought she wanted.","10749, 18",196.3749,6.167,/4QWAPETLYZosiwXQCTMu1KerXxI.jpg,/o0jRpVznKXuLvoXQX9UTKVtGjxK.jpg,2026-02-12,movie,2026-02-15 23:40:48.798638
1242898,Predator: Badlands,"Cast out from his clan, a young Predator finds an unlikely ally in a damaged android and embarks on a treacherous journey in search of the ultimate adversary.","28, 878, 12",169.0532,7.731,/pHpq9yNUIo6aDoCXEBzjSolywgz.jpg,/82lM4GJ9uuNvNDOEpxFy77uv4Ak.jpg,2025-11-05,movie,2026-02-15 23:40:48.798638
224372,A Knight of the Seven Kingdoms,"A century before the events of Game of Thrones, two unlikely heroes wandered Westeros: a young, naive but courageous knight, Ser Duncan the Tall, and his diminutive squire, Egg. Set in an age when the Targaryen line still holds the Iron Throne and the last dragon has not yet passed from living memory, great destinies, powerful foes, and dangerous exploits await these improbable and incomparable friends.","18, 10765, 10759",214.0248,8.3,/abrZg2iodq4XeBngpNESOgfPvBM.jpg,/7mkUu1F2hVUNgz24xO8HPx0D6mK.jpg,2026-01-18,tv,2026-02-15 23:40:48.798638
858024,Hamnet,"The powerful story of love and loss that inspired the creation of Shakespeare's timeless masterpiece, Hamlet.","18, 10749, 36",82.4111,7.76,/vbeyOZm2bvBXcbgPD3v6o94epPX.jpg,/73BClq9FOcrWrutnpiqhCNEWEwJ.jpg,2025-11-26,movie,2026-02-15 23:40:48.798638
1316092,“Wuthering Heights”,"Tragedy strikes when Heathcliff falls in love with Catherine Earnshaw, a woman from a wealthy family in 18th-century England.","10749, 18",155.6359,6.844,/3YBce6dTh1D5oCMITXk2S5QhPt.jpg,/oGAYQOhfuXMh9Cpp4LNfzI5uDS3.jpg,2026-02-11,movie,2026-02-15 23:40:48.798638
1317288,Marty Supreme,"Marty Mauser, a young man with a dream no one respects, goes to hell and back in pursuit of greatness.",18,162.1375,7.61,/lYWEXbQgRTR4ZQleSXAgRbxAjvq.jpg,/bHtlDAORBQiYKCJMwDP9WBgcQHM.jpg,2025-12-19,movie,2026-02-15 23:40:48.798638
425274,Now You See Me: Now You Don't,"The original Four Horsemen reunite with a new generation of illusionists to take on powerful diamond heiress Veronika Vanderberg, who leads a criminal empire built on money laundering and trafficking. The new and old magicians must overcome their differences to work together on their most ambitious heist yet.","53, 80, 9648",69.5051,6.5,/oD3Eey4e4Z259XLm3eD3WGcoJAh.jpg,/dHSz0tSFuO2CsXJ1CApSauP9Ncl.jpg,2025-11-12,movie,2026-02-15 23:40:48.798638
1084242,Zootopia 2,"After cracking the biggest case in Zootopia's history, rookie cops Judy Hopps and Nick Wilde find themselves on the twisting trail of a great mystery when Gary De'Snake arrives and turns the animal metropolis upside down. To crack the case, Judy and Nick must go undercover to unexpected new parts of town, where their growing partnership is tested like never before.","16, 35, 12, 10751, 9648",227.8124,7.607,/oJ7g2CifqpStmoYQyaLQgEU32qO.jpg,/7nfpkR9XsQ1lBNCXSSHxGV7Dkxe.jpg,2025-11-26,movie,2026-02-15 23:40:48.798638
1243460,Joe's College Road Trip,"To teach his sheltered grandson about the real world, Madea's foul-mouthed brother Joe takes the college-bound teen on a raucous cross-country road trip.",35,69.1026,4.46,/jWGOCUlzF4aCVLwHoiuqWWfhcrA.jpg,/dbr3eceKuGnKc9v5GaVTVtegZNK.jpg,2026-02-12,movie,2026-02-15 23:40:48.798638
680493,Return to Silent Hill,"When James receives a mysterious letter from his lost love Mary, he is drawn to Silent Hill—a once-familiar town now consumed by darkness. As he searches for her, James faces monstrous creatures and unravels a terrifying truth that will push him to the edge of his sanity.","27, 9648",51.9664,5.114,/fqAGFN2K2kDL0EHxvJaXzaMUkkt.jpg,/nTbO6UF944b0VZrgypMK5rFYRSW.jpg,2026-01-21,movie,2026-02-15 23:40:48.798638
1368166,The Housemaid,"Trying to escape her past, Millie Calloway accepts a job as a live-in housemaid for the wealthy Nina and Andrew Winchester. But what begins as a dream job quickly unravels into something far more dangerous—a sexy, seductive game of secrets, scandal, and power.","18, 9648, 53",242.6557,7.2,/mJGFduBPAzTKzOeCeTjBBOxnalB.jpg,/tNONILTe9OJz574KZWaLze4v6RC.jpg,2025-12-18,movie,2026-02-15 23:40:48.798638
95479,JUJUTSU KAISEN,"Yuji Itadori is a boy with tremendous physical strength, though he lives a completely ordinary high school life. One day, to save a classmate who has been attacked by curses, he eats the finger of Ryomen Sukuna, taking the curse into his own soul. From then on, he shares one body with Ryomen Sukuna. Guided by the most powerful of sorcerers, Satoru Gojo, Itadori is admitted to Tokyo Jujutsu High School, an organization that fights the curses... and thus begins the heroic tale of a boy who became a curse to exorcise a curse, a life from which he could never turn back.","16, 10759, 10765",199.7131,8.561,/fHpKWq9ayzSk8nSwqRuaAUemRKh.jpg,/gmECX1DvFgdUPjtio2zaL8BPYPu.jpg,2020-10-03,tv,2026-02-15 23:40:48.798638
273977,The Art of Sarah,A body found in the middle of town. A luxe label on the rise. A detective tests every stitch of a woman's story that keeps changing. What really happened?,"80, 9648, 18",107.0238,8.182,/nP2PRGSmLdbZtQtoXPPppcDAsNw.jpg,/qy8gJEwspR7L5WZn4e8ItwK8m23.jpg,2026-02-13,tv,2026-02-15 23:40:48.798638
106379,Fallout,"The story of haves and have-nots in a world in which there's almost nothing left to have. 200 years after the apocalypse, the gentle denizens of luxury fallout shelters are forced to return to the irradiated hellscape their ancestors left behind — and are shocked to discover an incredibly complex, gleefully weird, and highly violent universe waiting for them.","10759, 10765",122.7311,8.136,/c15BtJxCXMrISLVmysdsnZUPQft.jpg,/coaPCIqQBPUZsOnJcWZxhaORcDT.jpg,2024-04-10,tv,2026-02-15 23:40:48.798638
209867,Frieren: Beyond Journey's End,"Decades after her party defeated the Demon King, an old friend's funeral launches the elf wizard Frieren on a journey of self-discovery.","16, 10759, 18, 10765",107.064,8.776,/dqZENchTd7lp5zht7BdlqM7RBhD.jpg,/rBOnrVlck7BIlGeWVlzYiZeg4l2.jpg,2023-09-29,tv,2026-02-15 23:40:48.798638
128904,Dark Winds,"This psychological thriller follows two Navajo police officers, Leaphorn and Chee, in the 1970s Southwest as their search for clues in a grisly double murder case forces them to challenge their own spiritual beliefs and come to terms with the trauma of their pasts.","80, 18, 9648",15.6715,7.524,/kDlrMN0P9ByrEH2GoRbBFeZHbcf.jpg,/uNvpN37f9HbvsDBQFhHU5m2EnVo.jpg,2022-06-12,tv,2026-02-15 23:40:48.798638
1297842,GOAT,"Will, a small goat with big dreams, gets a once-in-a-lifetime shot to join the pros and play roarball – a high-intensity, co-ed, full-contact sport dominated by the fastest, fiercest animals in the world. Will's new teammates aren't thrilled about having a little goat on their roster, but Will is determined to revolutionize the sport and prove once and for all that 'smalls can ball'!","16, 35, 10751, 28",87.5884,7.045,/wfuqMlaExcoYiUEvKfVpUTt1v4u.jpg,/1qwhYqg7YEZajh3Q4biqbuQoDq8.jpg,2026-02-11,movie,2026-02-15 23:40:48.798638
131142,Love Story,An anthology of sweeping true love stories that captured the world’s attention.,18,26.3878,8.7,/7WU3cXD0rip5ONc7owI2dBWAVjW.jpg,/ab3u259PS56K8gJlI0UIhX3BB18.jpg,2026-02-12,tv,2026-02-15 23:40:48.798638
83533,Avatar: Fire and Ash,"In the wake of the devastating war against the RDA and the loss of their eldest son, Jake Sully and Neytiri face a new threat on Pandora: the Ash People, a violent and power-hungry Na'vi tribe led by the ruthless Varang. Jake's family must fight for their survival and the future of Pandora in a conflict that pushes them to their emotional and physical limits.","878, 12, 14",135.5176,7.3,/bRBeSHfGHwkEpImlhxPmOcUsaeg.jpg,/sdZSjtGUTSN8B3al5o0f2WoQfQQ.jpg,2025-12-17,movie,2026-02-15 23:40:48.798638
1171145,Crime 101,"An elusive thief, eyeing his final score, encounters a disillusioned insurance broker at her own crossroads. As their paths intertwine, a relentless detective trails them hoping to thwart the multi-million dollar heist they are planning.","80, 53",91.1549,7.7,/2HoR2x23bqKpopluoBD1FH3tBi7.jpg,/yWZc7ZglTAecVLKHS0oROuetKce.jpg,2026-02-11,movie,2026-02-15 23:40:48.798638
37854,One Piece,"Years ago, the fearsome Pirate King, Gol D. Roger was executed leaving a huge pile of treasure and the famous ""One Piece"" behind. Whoever claims the ""One Piece"" will be named the new King of the Pirates.

Monkey D. Luffy, a boy who consumed a ""Devil Fruit,"" decides to follow in the footsteps of his idol, the pirate Shanks, and find the One Piece. It helps, of course, that his body has the properties of rubber and that he's surrounded by a bevy of skilled fighters and thieves to help him along the way.

Luffy will do anything to get the One Piece and become King of the Pirates!","10759, 35, 16",46.2393,8.723,/cMD9Ygz11zjJzAovURpO75Qg7rT.jpg,/2rmK7mnchw9Xr3XdiTFSxTTLXqv.jpg,1999-10-20,tv,2026-02-15 23:40:48.798638
13494,Red Sonja,A young girl rises from the ashes of tragedy to become the most feared warrior woman of all time: the She-Devil with a Sword.,"12, 28, 14",11.2791,5.7,/aE3yh4y0h96CZZpLo0UDFMWZAA9.jpg,/xSD0q1FiuZkvHuy7uscOLbmd1hR.jpg,2025-07-31,movie,2026-02-15 23:40:48.798638
202208,The Artful Dodger,"It's a tale of reinvention, betrayal, redemption, and love with a twist. Jack Dawkins is The Artful Dodger, whose pickpocketing fingers have become the skilled hands of a surgeon. He is torn between an impossible love and the criminal underworld he secretly craves. This will require Artfulness.","18, 80, 10759",39.5898,8.125,/lcyax0pIH6vZWbho2hxsMTt9KpN.jpg,/8SqmduaPoPvSpqPUEw0YNXvJoQj.jpg,2023-11-29,tv,2026-02-15 23:40:48.798638
1259102,Eternity,"In an afterlife where souls have one week to decide where to spend eternity, Joan is faced with the impossible choice between the man she spent her life with and her first love, who died young and has waited decades for her to arrive.","10749, 35, 18",22.8218,7.0,/o8pg20G67BGmQvRkXwstNre062J.jpg,/fuacZLpnohQtLD0AhtCErcPVL98.jpg,2025-11-26,movie,2026-02-15 23:40:48.798638
66732,Stranger Things,"When a young boy vanishes, a small town uncovers a mystery involving secret experiments, terrifying supernatural forces, and one strange little girl.","10765, 9648, 10759",263.2162,8.6,/uOOtwVbSr4QDjAGIifLDwpb2Pdl.jpg,/8zbAoryWbtH0DKdev8abFAjdufy.jpg,2016-07-15,tv,2026-02-15 23:40:48.798638
1426964,State of Fear,"As São Paulo erupts in an unprecedented wave of violence, a lawyer with underworld ties must strike a deal with the police to rescue her kidnapped niece.","28, 53, 80, 18",225.4557,4.273,/3Eaqedg8MAlnP51GYY8MCSIdTnV.jpg,/1Xdsq7U7bvJJd2X7Jg4qNaKVkYO.jpg,2026-02-10,movie,2026-02-15 23:40:48.798638
1234731,Anaconda,"A group of friends facing mid-life crises head to the rainforest with the intention of remaking their favorite movie from their youth, only to find themselves in a fight for their lives against natural disasters, giant snakes and violent criminals.","12, 35, 27",87.4857,5.816,/qxMv3HwAB3XPuwNLMhVRg795Ktp.jpg,/swxhEJsAWms6X1fDZ4HdbvYBSf9.jpg,2025-12-24,movie,2026-02-15 23:40:48.798638
1146344,Misdirection,"A desperate couple have pulled off a string of high-end break-ins to pay off a mob debt. When they attempt to rob their latest victim, they find themselves caught in a deadly game of cat and mouse. The tables are turned and the hunters become the hunted.","27, 53",19.6036,5.5,/z7padnoIDHbmxPdqEHryhqlaVqc.jpg,/15sarvi4KF6WFtCQbKgcxG8iOj.jpg,2026-01-13,movie,2026-02-15 23:40:48.798638
310239,Museum of Innocence,"In 1970s Istanbul, a man's forbidden love for a shop-girl evolves into a lifelong journey of obsession and longing.",18,19.4685,7.0,/gdDPQ5vs7HdhoqUqV0DOgqUPcXU.jpg,/kpEjZVusnBo9JcSTnfZtQlgbxu3.jpg,2026-02-13,tv,2026-02-15 23:40:48.798638
282558,Born to Be Alive,"In 1990s Qinghai’s Maji County, rampant poaching plunged the region into poverty. Deputy County Head Dorje’s mountain patrol team shifted from mineral exploration to protecting antelopes. Bai Ju, a fearless female officer raised by a Tibetan doctor, grew into a leader fighting for a nature reserve with her comrades and journalist lover, only to face Dorje’s mysterious disappearance. Decades later, as coal mining threatens the eco-balance again, Bai Ju reunites with allies to solve the cold case and uphold the legacy of safeguarding the Tibetan Plateau’s untouched beauty.",18,8.3865,7.1,/dtFZomHhlOQICIOPJeeJdRqfKmy.jpg,/A0GTs2ESXdVFba0fcw4syEuNjJy.jpg,2026-01-30,tv,2026-02-15 23:40:48.798638
1339173,Honey Bunch,"Diana's husband is taking her to an experimental trauma facility deep in the wilderness, but she can't remember why... As her memories begin to creep back in so do some unwelcome sinister truths about her marriage.","14, 27, 878, 53",5.6642,6.5,/rR6zS2sPpcjND92cCLmsuMNok7M.jpg,/9L5Ekpoy4zT6o00qKUmZTeTkaVf.jpg,2026-01-23,movie,2026-02-15 23:40:48.798638
1054867,One Battle After Another,"Washed-up revolutionary Bob exists in a state of stoned paranoia, surviving off-grid with his spirited, self-reliant daughter, Willa. When his evil nemesis resurfaces after 16 years and she goes missing, the former radical scrambles to find her, father and daughter both battling the consequences of his past.","53, 80, 28",43.1213,7.425,/lbBWwxBht4JFP5PsuJ5onpMqugW.jpg,/gre7gyocZSuwd7M51CGlqsJqBmB.jpg,2025-09-23,movie,2026-02-15 23:40:48.798638
273160,The Beauty,"The world of high fashion turns dark when international supermodels begin dying in gruesome and mysterious ways. FBI Agents Cooper Madsen and Jordan Bennett are sent to Paris to uncover the truth. As they delve deeper into the case, they uncover a sexually transmitted virus that transforms ordinary people into visions of physical perfection, but with terrifying consequences.","18, 10765",42.8592,6.193,/tZTG2PPAukzksPkiQV9c4suIQXk.jpg,/cX6dzeKsBTTXHoG3uQUuhQbqyvq.jpg,2026-01-21,tv,2026-02-15 23:40:48.798638
840464,Greenland 2: Migration,"Having found the safety of the Greenland bunker after the comet Clarke decimated the Earth, the Garrity family must now risk everything to embark on a perilous journey across the wasteland of Europe to find a new home.","12, 53, 878",340.8381,6.536,/z2tqCJLsw6uEJ8nJV8BsQXGa3dr.jpg,/tyjXlexbNZQ0ZT1KEJslQtBirqc.jpg,2026-01-07,movie,2026-02-15 23:40:48.798638
1223601,Sisu: Road to Revenge,"Returning to the house where his family was brutally murdered during the war, ""the man who refuses to die"" dismantles it, loads it on a truck, and is determined to rebuild it somewhere safe in their honor. When the commander who killed his family comes back hellbent on finishing the job, a relentless, eye-popping cross-country chase ensues.","28, 10752",37.4937,7.397,/jNsttCWZyPtW66MjhUozBzVsRb7.jpg,/yCatt8lmp3oRFEcOZF8KHhsiASQ.jpg,2025-10-21,movie,2026-02-15 23:40:48.798638
250307,The Pitt,The staff of Pittsburgh's Trauma Medical Center work around the clock to save lives in an overcrowded and underfunded emergency department.,18,84.8639,8.686,/kvFSpESyBZMjaeOJDx7RS3P1jey.jpg,/6uPBHw488MUW6x51zZ2OCJo6Dgp.jpg,2025-01-09,tv,2026-02-15 23:40:48.798638
1159559,Scream 7,"When a new Ghostface killer emerges in the quiet town where Sidney Prescott has built a new life, her darkest fears are realized as her daughter becomes the next target. Determined to protect her family, Sidney must face the horrors of her past to put an end to the bloodshed once and for all.","27, 9648, 80",32.5353,0.0,/jjyuk0edLiW8vOSnlfwWCCLpbh5.jpg,/yWCZc2TcsCYbMMjvUIsczmQi2TX.jpg,2026-02-25,movie,2026-02-15 23:40:48.798638
240459,Spartacus: House of Ashur,"In a world where he survived the events of Spartacus, Ashur clawed his way to power, owning the same ludus that once owned him. Allying with a fierce gladiatrix, Ashur ignites a new kind of spectacle that offends the elite.","18, 10759",123.2451,6.69,/vNByuzy60v31nmUVPMA8oAtneUK.jpg,/c78kbj781ddvmSn5mgLWFQbC7di.jpg,2025-12-05,tv,2026-02-15 23:40:48.798638
1306368,The Rip,"Trust frays when a team of Miami cops discovers millions in cash inside a run-down stash house, calling everyone — and everything — into question.","28, 53, 80",95.4009,7.059,/eZo31Dhl5BQ6GfbMNf3oU0tUvPZ.jpg,/3F2EXWF1thX0BdrVaKvnm6mAhqh.jpg,2026-01-13,movie,2026-02-15 23:40:48.798638
213306,Cross,"Alex Cross is a brilliant but flawed homicide detective and full of contradictions. A doting father and family man, Cross is single-minded to the point of obsession when he hunts killers. He is desperate for love, but his wife’s murder has left him too damaged to receive it.","80, 18, 9648",46.9032,7.0,/6hhKdavCEZi8d584ZtIrQIrBvZI.jpg,/cYHJfdRnIhmeBoYN4jRMMnBDroO.jpg,2024-11-14,tv,2026-02-15 23:40:48.798638
279446,Swords Into Plowshares,"During the tumultuous period of the Five Dynasties and Ten Kingdoms, three determined youths—Qian Hongshu, Zhao Kuangyin, and Guo Rong—navigate the chaos of political upheaval and war as they strive to overcome the suffering caused by endless conflict.",18,30.5341,8.75,/76gwCVQG1MoItK25o48opYP7TmG.jpg,/c5mwcq4lvp96cHPgAWE1uxdwxkR.jpg,2026-01-23,tv,2026-02-15 23:40:48.798638
967941,Wicked: For Good,"As an angry mob rises against the Wicked Witch, Glinda and Elphaba will need to come together one final time. With their singular friendship now the fulcrum of their futures, they will need to truly see each other, with honesty and empathy, if they are to change themselves, and all of Oz, for good.","14, 12, 10749",18.5842,6.7,/lDL8vPUuJs2LsPHPjAGhkbYTpNX.jpg,/cGbPBHKSFO7hSIjxkb3KOaGdOep.jpg,2025-11-19,movie,2026-02-15 23:40:48.798638
1575337,Cosmic Princess Kaguya!,"Iroha's life gets knocked off its orbit when Kaguya, a carefree runaway from the Moon, moves in and convinces her to perform in a virtual world together.","16, 14, 10402, 878",19.8509,8.255,/9I9cM38gecZcwJ0C6r0cwfvtPJP.jpg,/1jdPUUSy37Wzw3xuc8otI86X2gv.jpg,2026-01-22,movie,2026-02-15 23:40:48.798638
287231,Vanished,"When a romantic getaway to Paris takes a dark turn with the sudden disappearance of her boyfriend Tom aboard a train to the south of France, Alice is plunged into a web of intrigue and danger, uncovering shocking secrets about the man she thought she knew.","18, 9648",32.2204,7.4,/KVyfJoW4nO1CATxHrD7oR8rRJH.jpg,/qI2pX6IWQojvh2kaLv6M233Iwqb.jpg,2026-02-01,tv,2026-02-15 23:40:48.798638
61859,The Night Manager,"Former British soldier Jonathan Pine navigates the shadowy recesses of Whitehall and Washington where an unholy alliance operates between the intelligence community and the secret arms trade. To infiltrate the inner circle of lethal arms dealer Richard Onslow Roper, Pine must himself become a criminal.","18, 9648, 80",28.8459,7.736,/1MccRnw41qQjREuZkovqP2UX1i3.jpg,/2vAOdruqvx9GojXxKi3xVsZZvKU.jpg,2016-02-21,tv,2026-02-15 23:40:48.798638
270444,Lead Children,"When a young doctor discovers that children living near a smelting plant suffer from lead poisoning, she risks her career and safety to save them.","18, 10768",51.451,9.0,/8Er3yj5yRnHGALKPbtuiyMlIh6R.jpg,/ra12F3J3uVe112FEqBGmQapW2Bu.jpg,2026-02-11,tv,2026-02-15 23:40:48.798638
117465,Hell's Paradise,"For a chance at a pardon, a ninja assassin joins other condemned criminals on a journey to a mysterious island to retrieve an elixir of immortality.","16, 10759, 10765",57.3195,8.138,/1V9I7SvZbYoMbSvdtnlkkq9SB1k.jpg,/vjiIuR3XGpoGSumQ7DziPAmxIYR.jpg,2023-04-01,tv,2026-02-15 23:40:48.798638
233079,How to Get to Heaven from Belfast,Three lifelong pals embark on a chaotic quest to solve the mystery of their old friend's suspicious death and keep their own dark secret under wraps.,"9648, 35, 18",23.0474,7.786,/8vwM2mrOWgREjM28YblxuuVIrlF.jpg,/lkmGrZXASDPwXyWf4p8GG83dw5N.jpg,2026-02-12,tv,2026-02-15 23:40:48.798638
701387,Bugonia,"Two conspiracy obsessed young men kidnap the high-powered CEO of a major company, convinced that she is an alien intent on destroying planet Earth.","878, 53, 35",22.393,7.365,/rSdOua3wKMEaFWDcKAYWRjXQWOt.jpg,/tN3pTxkQoP96wtaEahYuRVdUWb2.jpg,2025-10-23,movie,2026-02-15 23:40:48.798638
1429605,F Valentine's Day,"Gina hates her Valentine's Day birthday and travels to Greece to prevent her boyfriend's proposal. With help from vacationers Johnny and his sister Mickey, she schemes to delay it – while questioning her relationship.","10749, 35",29.8451,6.031,/8zPExowfpfZOTpS1W4J7G27lH4H.jpg,/5UYCuHb0kfFzrZ5l9SKzScguDbu.jpg,2026-02-12,movie,2026-02-15 23:40:48.798638
203737,【OSHI NO KO】,A small-town doctor gets sucked into the ruthless world of show business when he crosses paths with a popular teen idol who holds a secret.,"16, 18",33.5746,8.343,/rFp74PFpz14AHrtlVPrLyrSng47.jpg,/gArCVC4ML529WMCEqOXbALdQbUq.jpg,2023-04-12,tv,2026-02-15 23:40:48.798638
223530,Star Trek: Starfleet Academy,"A young group of cadets come together to pursue a common dream of hope and optimism. Under the watchful and demanding eyes of their instructors, they will discover what it takes to become Starfleet officers as they navigate blossoming friendships, explosive rivalries, first loves and a new enemy that threatens both the Academy and the Federation itself.","10765, 10759",31.2977,4.783,/m4JnADIJkF5ck6jq7GUEcPBKxd0.jpg,/rXtSdCGmG07zjAg5h7GR1v52ogX.jpg,2026-01-15,tv,2026-02-15 23:40:48.798638
278882,No Pain No Gain,"Pei Qian accidentally gets an invitation from a mysterious big brother to start a company that must aim to lose money, and eventually becomes a conscientious boss in the hearts of his employees and an industry-recognized business whiz!","35, 18, 10765",23.2922,8.5,/3lEcHeNmmKocEcw5Ogr6fA0bOsy.jpg,/s78UEFOxRRFlM7B0cP0JVkJKW7s.jpg,2026-01-31,tv,2026-02-15 23:40:48.798638
313995,Single's Inferno Reunion,"""Single's Inferno"" contestants reunite to reveal honest feelings and relationship updates — revisiting standout moments from their time on the island.",10764,0.2929,7.0,/xgM5WOEzr0Y7MUK0EnuozBw3CKZ.jpg,/4qceofXVeBtJqJun3CZtkPs4m4I.jpg,2026-02-14,tv,2026-02-15 23:40:48.798638
280632,How Dare You!?,"Rookie office worker Wang Cuihua is suddenly pulled into the world of a novel, where she meets Xiahou Dan, a powerful king hiding his true identity. Both outsiders to this world, they join forces to survive a twisted fate, facing political intrigue, ancient prophecies, and life-or-death choices. As they fight to change their destiny, a powerful bond forms, one that could reshape the future of the kingdom.","18, 9648, 35",31.8001,8.0,/dLRQI1TikEQ92BKlfPLJOoOceXC.jpg,/nz6Pg1RKfTrcw6ddPXCvqZM2M5p.jpg,2026-02-06,tv,2026-02-15 23:40:48.798638
1140498,Is This Thing On?,"As their marriage quietly unravels, Alex faces middle age and an impending divorce, seeking new purpose in the New York comedy scene while Tess confronts the sacrifices she made for their family—forcing them to navigate co-parenting, identity, and whether love can take a new form.","35, 18",18.765,6.855,/YD6QzcokTMe3EViM0hLbNCxf4y.jpg,/AkaC3h2NqSYX4NIHlqGKvrGOMeS.jpg,2025-12-19,movie,2026-02-15 23:40:48.798638
1198994,Send Help,"Two colleagues become stranded on a deserted island, the only survivors of a plane crash. On the island, they must overcome past grievances and work together to survive, but ultimately, it's a battle of wills and wits to make it out alive.","27, 53, 35",69.0692,7.1,/mlV70IuchLZXcXKowjwSpSfdfUB.jpg,/eyvIBnJSxZDyek4s7YytUNmtstR.jpg,2026-01-22,movie,2026-02-15 23:40:48.798638
301507,Heated Rivalry,"Two of the biggest stars in Major League Hockey are bound by ambition, rivalry, and a magnetic pull neither of them fully understands. What begins as a secret fling between two fresh faced rookies evolves into a years-long journey of love, denial, and self-discovery. Over the next eight years, as they chase glory on the ice, they struggle to navigate their feelings for each other. Torn between the sport they live for and the love they can’t ignore, they must decide if there’s room in their fiercely competitive world for something as fragile – and powerful – as real love.",18,47.2513,8.785,/epgr7n61vVIniyAghz2GYj22DkC.jpg,/iS76c29IrS3lKI2X5CFySguiAWU.jpg,2025-11-28,tv,2026-02-15 23:40:48.798638
1233413,Sinners,"Trying to leave their troubled lives behind, twin brothers return to their hometown to start again, only to discover that an even greater evil is waiting to welcome them back.","27, 28, 53",32.0965,7.491,/qTvFWCGeGXgBRaINLY1zqgTPSpn.jpg,/nAxGnGHOsfzufThz20zgmRwKur3.jpg,2025-04-16,movie,2026-02-15 23:40:48.798638
1433680,The Dinner,"Spain, April 15, 1939. With the Civil War concluded, and with the intention of celebrating his victory, General Franco attends a dinner with his generals at the Palace Hotel.","35, 36",35.8495,6.875,/8Ct1yY0ClGwgQpnsipRcaFC27xF.jpg,/9C10gUV5uR1UZtvGs8uQtb6xi7Z.jpg,2025-10-17,movie,2026-02-15 23:40:48.798638
235635,Like Water for Chocolate,"Tita de la Garza and Pedro Muzquiz are two souls in love who cannot be together due to deep-rooted family customs, which will force Tita to navigate with magical tints and flavors between the destiny dictated by her family and the fight for her love, while we accompany her in her greatest refuge: the kitchen.",18,8.9568,8.2,/18WIVssvDsnlXRpLSx0oY9Ga5Xi.jpg,/sMv7P2kMaw0UD3ibtAGDC8cGyM8.jpg,2024-11-03,tv,2026-02-15 23:40:48.798638
202208,The Artful Dodger,"It's a tale of reinvention, betrayal, redemption, and love with a twist. Jack Dawkins is The Artful Dodger, whose pickpocketing fingers have become the skilled hands of a surgeon. He is torn between an impossible love and the criminal underworld he secretly craves. This will require Artfulness.","18, 80, 10759",39.5898,8.125,/lcyax0pIH6vZWbho2hxsMTt9KpN.jpg,/8SqmduaPoPvSpqPUEw0YNXvJoQj.jpg,2023-11-29,tv,2026-02-15 23:40:48.798638
1033148,Die My Love,"After inheriting a remote Montana house, Jackson moves there from New York with his partner Grace, and the couple soon welcome a child. As Jackson becomes increasingly absent and rural isolation sets in, Grace struggles with loneliness, creative frustration, and unresolved emotional wounds. What begins as an attempt at renewal gradually turns into an intense psychological descent, placing strain on their relationship and exposing the fragile balance between love, identity, and motherhood.",18,14.8113,6.153,/kajpShbFhOdpl6yCrLezMrr9tB4.jpg,/dEkFlZzj2cb5F7SShvqkL54E4lr.jpg,2025-10-06,movie,2026-02-15 23:40:48.798638
1246049,Dracula,"In late 15th-century Eastern Europe, Prince Vlad II’s bride is brutally murdered. As a result, he renounces God and damns Heaven itself. Cursed with eternal life, Vlad is reborn as Dracula, an immortal warlord who defies fate in a blood-soaked crusade to wrench his lost love back from death.","27, 14, 10749",48.1817,7.157,/libhghrUSBSEdHgF9uP1SQES0nQ.jpg,/be5SIsRGMckO8tU9lrLcIik70Dy.jpg,2025-07-30,movie,2026-02-15 23:40:48.798638
282810,The Judge Returns,"The return of corrupt judge Lee Han-young, who was a slave to a large law firm, to the past 10 years ago. He makes new choices to punish evil and implement justice.","80, 10765, 18",20.9189,8.7,/AjLnvyKlbTPS9DnX8exBqF2RTIU.jpg,/l3qDk8o59jgLfO5HBAJKpCwMAld.jpg,2026-01-02,tv,2026-02-15 23:40:48.798638
213306,Cross,"Alex Cross is a brilliant but flawed homicide detective and full of contradictions. A doting father and family man, Cross is single-minded to the point of obsession when he hunts killers. He is desperate for love, but his wife’s murder has left him too damaged to receive it.","80, 18, 9648",46.9032,7.0,/6hhKdavCEZi8d584ZtIrQIrBvZI.jpg,/cYHJfdRnIhmeBoYN4jRMMnBDroO.jpg,2024-11-14,tv,2026-02-15 23:40:48.798638
1339173,Honey Bunch,"Diana's husband is taking her to an experimental trauma facility deep in the wilderness, but she can't remember why... As her memories begin to creep back in so do some unwelcome sinister truths about her marriage.","14, 27, 878, 53",5.6642,6.5,/rR6zS2sPpcjND92cCLmsuMNok7M.jpg,/9L5Ekpoy4zT6o00qKUmZTeTkaVf.jpg,2026-01-23,movie,2026-02-15 23:40:48.798638
456,The Simpsons,"Set in Springfield, the average American town, the show focuses on the antics and everyday adventures of the Simpson family; Homer, Marge, Bart, Lisa and Maggie, as well as a virtual cast of thousands. Since the beginning, the series has been a pop culture icon, attracting hundreds of celebrities to guest star. The show has also made name for itself in its fearless satirical take on politics, media and American life in general.","10751, 16, 35",281.2337,8.0,/uWpG7GqfKGQqX4YMAo3nv5OrglV.jpg,/jIArNHIekrCSVgdMbKPAXpPY03Y.jpg,1989-12-17,tv,2026-02-15 23:40:48.798638
1220564,The Secret Agent,"Brazil, 1977. Marcelo, a technology expert in his early 40s, is on the run. Hoping to reunite with his son, he travels to Recife during Carnival but soon realizes that the city is not the safe haven he was expecting.","80, 18, 53",20.0359,7.535,/iLE2YOmeboeTDC7GlOp1dzh1VFo.jpg,/eeGRpU64sIrRApjWXvTpK5Lep2K.jpg,2025-07-23,movie,2026-02-15 23:40:48.798638
1214931,Nuremberg,"In postwar Germany, an American psychiatrist must determine whether Nazi prisoners are fit to go on trial for war crimes, and finds himself in a complex battle of intellect and ethics with Hermann Göring, Hitler's right-hand man.","36, 18",26.5702,7.357,/7cWTGH2svfNHWVRjsfKIBob9pDj.jpg,/xsO1Qgru8sETLTcVla8MrqxOVr0.jpg,2025-11-06,movie,2026-02-15 23:40:48.798638
79744,The Rookie,"Starting over isn't easy, especially for small-town guy John Nolan who, after a life-altering incident, is pursuing his dream of being an LAPD officer. As the force's oldest rookie, he’s met with skepticism from some higher-ups who see him as just a walking midlife crisis.","80, 18, 35",273.8106,8.529,/70kTz0OmjjZe7zHvIDrq2iKW7PJ.jpg,/6iNWfGVCEfASDdlNb05TP5nG0ll.jpg,2018-10-16,tv,2026-02-15 23:40:48.798638
283370,Motorvalley,"Desperate to gain control of her family's racing empire, an heiress hires a reckless driver and a troubled coach to compete in the Italian Gran Turismo.","18, 10759",50.2416,6.8,/v9OAxTMdIci9Ox6cZXvMEWHyYf0.jpg,/zyMMXRpCZoMLYIret8seCZyIlr6.jpg,2026-02-10,tv,2026-02-15 23:40:48.798638
840464,Greenland 2: Migration,"Having found the safety of the Greenland bunker after the comet Clarke decimated the Earth, the Garrity family must now risk everything to embark on a perilous journey across the wasteland of Europe to find a new home.","12, 53, 878",340.8381,6.536,/z2tqCJLsw6uEJ8nJV8BsQXGa3dr.jpg,/tyjXlexbNZQ0ZT1KEJslQtBirqc.jpg,2026-01-07,movie,2026-02-15 23:40:48.798638
240459,Spartacus: House of Ashur,"In a world where he survived the events of Spartacus, Ashur clawed his way to power, owning the same ludus that once owned him. Allying with a fierce gladiatrix, Ashur ignites a new kind of spectacle that offends the elite.","18, 10759",123.2451,6.69,/vNByuzy60v31nmUVPMA8oAtneUK.jpg,/c78kbj781ddvmSn5mgLWFQbC7di.jpg,2025-12-05,tv,2026-02-15 23:40:48.798638
270572,Lord of the Flies,"After a plane crash, a group of schoolboys find themselves stranded on a tropical island without adults. Ralph is elected leader and, with the help of the intelligent Piggy, strives to maintain order and civilization. Jack, responsible for the signal fire, becomes increasingly focused on hunting and power struggles. This leads to tensions within the group, gradually pushing the boys from hope and structure into chaos and tragedy.","18, 10759",18.4351,8.0,/zD50ejpus5rNidj6CBr4Ml59KOL.jpg,/liGU5vmxT1FisyfAh1v6octAFDz.jpg,2026-02-08,tv,2026-02-15 23:40:48.798638
639988,No Other Choice,"After being laid off and humiliated by a ruthless job market, a veteran paper mill manager descends into violence in a desperate bid to reclaim his dignity.","80, 53, 35",27.8494,7.588,/sBpxTGLzKnvPSVtL5yQYpSxvKEb.jpg,/s6aB9kjxNg0mu2361IkCUSpyHJV.jpg,2025-09-24,movie,2026-02-15 23:40:48.798638
274776,Unfamiliar,"When the past catches up with two former spies, their biggest challenge isn't car chases, shootouts or fistfights — it's telling each other the truth.","10759, 18, 80",86.4745,7.7,/OvNMzIOJIzDlouhZVqCHRE6HlL.jpg,/qDq3dG4ElRohih5fUGNQRLHuBaC.jpg,2026-02-05,tv,2026-02-15 23:40:48.798638
157741,Landman,"Set in the proverbial boomtowns of West-Texas and a modern-day tale of fortune-seeking in the world of oil rigs, the series is an upstairs/downstairs story of roughnecks and wildcat billionaires that are fueling a boom so big it’s reshaping our climate, our economy and our geopolitics.",18,51.7759,8.021,/hYthRgS1nvQkGILn9YmqsF8kSk6.jpg,/mh2UczqEXJJVgqohbyZbHTuxwhL.jpg,2024-11-17,tv,2026-02-15 23:40:48.798638
76479,The Boys,A group of vigilantes known informally as “The Boys” set out to take down corrupt superheroes with no more than blue-collar grit and a willingness to fight dirty.,"10765, 10759",91.1297,8.441,/2zmTngn1tYC1AvfnrFLhxeD82hz.jpg,/czffzEgaBko4mXW84B1J1EnQBzo.jpg,2019-07-25,tv,2026-02-15 23:40:48.798638
1110034,Kraken,"Marine biologist Johanne is doing research on a fish farm in Vangsnes, a rural community located by the fjord, when she encounters several strange occurrences. Along with the brutal deaths of two local teenagers, all signs point to the deep fjord; can there be more to the depths than the eye can see? At the bottom of the deepest fjord rests a mythical monster as large as a mountain, with a myriad of arms ready to crush and devour anything they can grab.","27, 28, 53",5.9535,5.0,/jVsflOu9WpMqUJ3WwVX2mITi86S.jpg,/xcBlMEvzuaHoWANKYn5PGvcW4OC.jpg,2026-02-06,movie,2026-02-15 23:40:48.798638
1214931,Nuremberg,"In postwar Germany, an American psychiatrist must determine whether Nazi prisoners are fit to go on trial for war crimes, and finds himself in a complex battle of intellect and ethics with Hermann Göring, Hitler's right-hand man.","36, 18",26.5702,7.357,/7cWTGH2svfNHWVRjsfKIBob9pDj.jpg,/xsO1Qgru8sETLTcVla8MrqxOVr0.jpg,2025-11-06,movie,2026-02-15 23:40:48.798638
1033148,Die My Love,"After inheriting a remote Montana house, Jackson moves there from New York with his partner Grace, and the couple soon welcome a child. As Jackson becomes increasingly absent and rural isolation sets in, Grace struggles with loneliness, creative frustration, and unresolved emotional wounds. What begins as an attempt at renewal gradually turns into an intense psychological descent, placing strain on their relationship and exposing the fragile balance between love, identity, and motherhood.",18,14.8113,6.153,/kajpShbFhOdpl6yCrLezMrr9tB4.jpg,/dEkFlZzj2cb5F7SShvqkL54E4lr.jpg,2025-10-06,movie,2026-02-15 23:40:48.798638
274776,Unfamiliar,"When the past catches up with two former spies, their biggest challenge isn't car chases, shootouts or fistfights — it's telling each other the truth.","10759, 18, 80",86.4745,7.7,/OvNMzIOJIzDlouhZVqCHRE6HlL.jpg,/qDq3dG4ElRohih5fUGNQRLHuBaC.jpg,2026-02-05,tv,2026-02-15 23:40:48.798638
1220564,The Secret Agent,"Brazil, 1977. Marcelo, a technology expert in his early 40s, is on the run. Hoping to reunite with his son, he travels to Recife during Carnival but soon realizes that the city is not the safe haven he was expecting.","80, 18, 53",20.0359,7.535,/iLE2YOmeboeTDC7GlOp1dzh1VFo.jpg,/eeGRpU64sIrRApjWXvTpK5Lep2K.jpg,2025-07-23,movie,2026-02-15 23:40:48.798638
283370,Motorvalley,"Desperate to gain control of her family's racing empire, an heiress hires a reckless driver and a troubled coach to compete in the Italian Gran Turismo.","18, 10759",50.2416,6.8,/v9OAxTMdIci9Ox6cZXvMEWHyYf0.jpg,/zyMMXRpCZoMLYIret8seCZyIlr6.jpg,2026-02-10,tv,2026-02-15 23:40:48.798638
270572,Lord of the Flies,"After a plane crash, a group of schoolboys find themselves stranded on a tropical island without adults. Ralph is elected leader and, with the help of the intelligent Piggy, strives to maintain order and civilization. Jack, responsible for the signal fire, becomes increasingly focused on hunting and power struggles. This leads to tensions within the group, gradually pushing the boys from hope and structure into chaos and tragedy.","18, 10759",18.4351,8.0,/zD50ejpus5rNidj6CBr4Ml59KOL.jpg,/liGU5vmxT1FisyfAh1v6octAFDz.jpg,2026-02-08,tv,2026-02-15 23:40:48.798638
139798,Single's Inferno,"On a deserted island, flirtatious singles look for love, because only as a couple can they leave the island for a romantic date in paradise.","10764, 35, 10767",33.1358,7.7,/86zkkFCrNc4VeqvCANTmpGNgFEF.jpg,/bkz7rStamWJxC3lp9TUpU9GR18S.jpg,2021-12-18,tv,2026-02-15 23:40:48.798638
639988,No Other Choice,"After being laid off and humiliated by a ruthless job market, a veteran paper mill manager descends into violence in a desperate bid to reclaim his dignity.","80, 53, 35",27.8494,7.588,/sBpxTGLzKnvPSVtL5yQYpSxvKEb.jpg,/s6aB9kjxNg0mu2361IkCUSpyHJV.jpg,2025-09-24,movie,2026-02-15 23:40:48.798638
235685,The Pendragon Cycle: Rise of the Merlin,"Merlin, the immortal son of the bard Taliesin and Atlantean Princess Charis, is followed through his tragic upbringing, descent into madness, and shocking disappearance, leading to the legend that surrounds him. Set before King Arthur's birth, Merlin, assumed dead or a myth, reemerges in sub-Roman Britain to unite the fractured kingdoms under threat from Saxon invaders.","10765, 10759, 10751, 18",90.2492,8.4,/jJfk8NXauN4UgFQ1qn9lFzEk7ib.jpg,/lDmFwAaHL1kXnAfZeUTieAdUTko.jpg,2026-01-22,tv,2026-02-15 23:40:48.798638
76479,The Boys,A group of vigilantes known informally as “The Boys” set out to take down corrupt superheroes with no more than blue-collar grit and a willingness to fight dirty.,"10765, 10759",91.1297,8.441,/2zmTngn1tYC1AvfnrFLhxeD82hz.jpg,/czffzEgaBko4mXW84B1J1EnQBzo.jpg,2019-07-25,tv,2026-02-15 23:40:48.798638
258462,In the Mud,Five female prisoners forge a unique bond after a deadly accident... until corruption and turf wars within a ruthless prison threaten to destroy them.,"80, 18",89.772,7.383,/9JWQYB7FkGtg47wFO7GOrUDgYrx.jpg,/bxPELhUZNgbFUN31EZTBC99wOHD.jpg,2025-08-14,tv,2026-02-15 23:40:48.798638
812583,Wake Up Dead Man: A Knives Out Mystery,"When young priest Jud Duplenticy is sent to assist charismatic firebrand Monsignor Jefferson Wicks, it’s clear that all is not well in the pews. After a sudden and seemingly impossible murder rocks the town, the lack of an obvious suspect prompts local police chief Geraldine Scott to join forces with renowned detective Benoit Blanc to unravel a mystery that defies all logic.","53, 9648, 35",16.1839,7.209,/qCOGGi8JBVEZMc3DVby8rUivyXz.jpg,/fiRDzpcJe7qz3yIR43hdXIE3NHv.jpg,2025-11-26,movie,2026-02-15 23:40:48.798638
235635,Like Water for Chocolate,"Tita de la Garza and Pedro Muzquiz are two souls in love who cannot be together due to deep-rooted family customs, which will force Tita to navigate with magical tints and flavors between the destiny dictated by her family and the fight for her love, while we accompany her in her greatest refuge: the kitchen.",18,8.9568,8.2,/18WIVssvDsnlXRpLSx0oY9Ga5Xi.jpg,/sMv7P2kMaw0UD3ibtAGDC8cGyM8.jpg,2024-11-03,tv,2026-02-15 23:40:48.798638
157741,Landman,"Set in the proverbial boomtowns of West-Texas and a modern-day tale of fortune-seeking in the world of oil rigs, the series is an upstairs/downstairs story of roughnecks and wildcat billionaires that are fueling a boom so big it’s reshaping our climate, our economy and our geopolitics.",18,51.7759,8.021,/hYthRgS1nvQkGILn9YmqsF8kSk6.jpg,/mh2UczqEXJJVgqohbyZbHTuxwhL.jpg,2024-11-17,tv,2026-02-15 23:40:48.798638
1226863,The Super Mario Galaxy Movie,"Having thwarted Bowser's previous plot to marry Princess Peach, Mario and Luigi now face a fresh threat in Bowser Jr., who is determined to liberate his father from captivity and restore the family legacy. Alongside companions new and old, the brothers travel across the stars to stop the young heir's crusade.","10751, 14, 35, 12, 16",17.0373,0.0,/dQFwdkCpfc5UOdQigYKQm06VJS4.jpg,/5U0tqruExz7ssDyr5pwiAGFzI8S.jpg,2026-04-01,movie,2026-02-15 23:40:48.798638
1119449,"Good Luck, Have Fun, Don't Die",A man claiming to be from the future takes the patrons of an iconic Los Angeles diner hostage in search of unlikely recruits in a quest to save the world.,"878, 28, 12, 35",51.2756,8.0,/rWcfOdY7TU6lTdazWj0ebDZnAfO.jpg,/yjOSpDQe8tzr8easpjTFVoQXsOX.jpg,2026-02-13,movie,2026-02-15 23:40:48.798638
229858,Fate/strange Fake,"In a Holy Grail War, Mages (Masters) and their Heroic Spirits (Servants) fight for the control of the Holy Grail—an omnipotent wish-granting device said to fulfill any desire. Years have passed since the end of the Fifth Holy Grail War in Japan. Now, signs portend the emergence of a new Holy Grail in the western American city of Snowfield. Sure enough, Masters and Servants begin to gather... A missing Servant class... Impossible Servant summonings... A nation shrouded in secrecy... And a city created as a battleground. In the face of such irregularities, the Holy Grail War is twisted and driven into the depth of madness. Let the curtain rise on a masquerade of humans and heroes, made to dance upon the stage of a false Holy Grail.","16, 10759, 10765, 18",22.048,8.5,/2r5MEaLYl5lZxzgfSmrDybipngl.jpg,/6SkZ268BIStCeCNu0yGH7dC09uY.jpg,2024-12-31,tv,2026-02-15 23:40:48.798638
116799,The Lincoln Lawyer,Hotshot LA defense attorney Mickey Haller will do whatever it takes to win as he navigates the criminal justice system from his trademark Lincoln.,"18, 80",92.5339,7.651,/4jSaIqEU8CPBBNn4iVCK6wzPjSx.jpg,/jBFOVEE5sMIyT141YIqIwyU8Y1D.jpg,2022-05-13,tv,2026-02-15 23:40:48.798638
1266798,Dog 51,"In the near future, Paris is divided into three zones that separate social classes, and no one can escape ALMA, a predictive AI that has revolutionized law enforcement. When ALMA’s creator is assassinated, Salia, a top agent, and Zem, a jaded cop, are forced to work together to solve a murder that may expose the dark secrets of the system they serve.","53, 878, 80, 28",7.0367,6.276,/yVU6eMwHRgFWI9dtdxqOQg4NjD8.jpg,/OO75q1cTWWXDmy52bB79yzpxBt.jpg,2025-10-15,movie,2026-02-15 23:40:48.798638
278,The Shawshank Redemption,"Imprisoned in the 1940s for the double murder of his wife and her lover, upstanding banker Andy Dufresne begins a new life at the Shawshank prison, where he puts his accounting skills to work for an amoral warden. During his long stretch in prison, Dufresne comes to be admired by the other inmates -- including an older prisoner named Red -- for his integrity and unquenchable sense of hope.","18, 80",30.8191,8.7,/9cqNxx0GxF0bflZmeSMuL5tnGzr.jpg,/zfbjgQE1uSd9wiPTX4VzsLi0rGG.jpg,1994-09-23,movie,2026-02-15 23:40:52.226388
238,The Godfather,"Spanning the years 1945 to 1955, a chronicle of the fictional Italian-American Corleone crime family. When organized crime family patriarch, Vito Corleone barely survives an attempt on his life, his youngest son, Michael steps in to take care of the would-be killers, launching a campaign of bloody revenge.","18, 80",36.4215,8.687,/3bhkrj58Vtu7enYsRolD1fZdja1.jpg,/tSPT36ZKlP2WVHJLM4cQPLSzv3b.jpg,1972-03-14,movie,2026-02-15 23:40:52.226388
240,The Godfather Part II,"In the continuing saga of the Corleone crime family, a young Vito Corleone grows up in Sicily and in 1910s New York. In the 1950s, Michael Corleone attempts to expand the family business into Las Vegas, Hollywood and Cuba.","18, 80",17.5941,8.6,/hek3koDUyRQk7FIhPXsa6mT2Zc3.jpg,/kGzFbGhp99zva6oZODW5atUtnqi.jpg,1974-12-20,movie,2026-02-15 23:40:52.226388
424,Schindler's List,The true story of how businessman Oskar Schindler saved over a thousand Jewish lives from the Nazis while they worked as slaves in his factory during World War II.,"18, 36, 10752",18.6937,8.567,/sF1U4EUQS8YHUYjNl3pMGNIQyr0.jpg,/zb6fM1CX41D9rF9hdgclu0peUmy.jpg,1993-12-15,movie,2026-02-15 23:40:52.226388
389,12 Angry Men,"The defense and the prosecution have rested and the jury is filing into the jury room to decide if a young Spanish-American is guilty or innocent of murdering his father. What begins as an open and shut case soon becomes a mini-drama of each of the jurors' prejudices and preconceptions about the trial, the accused, and each other.",18,13.0084,8.555,/ow3wq89wM8qd5X7hWKxiRfsFf9C.jpg,/w4bTBXcqXc2TUyS5Fc4h67uWbPn.jpg,1957-04-10,movie,2026-02-15 23:40:52.226388
129,Spirited Away,"A young girl, Chihiro, becomes trapped in a strange new world of spirits. When her parents undergo a mysterious transformation, she must call upon the courage she never knew she had to free her family.","16, 10751, 14",20.4629,8.534,/39wmItIWsg5sZMyRUHLkWBcuVCM.jpg,/ukfI9QkU1aIhOhKXYWE9n3z1mFR.jpg,2001-07-20,movie,2026-02-15 23:40:52.226388
155,The Dark Knight,"Batman raises the stakes in his war on crime. With the help of Lt. Jim Gordon and District Attorney Harvey Dent, Batman sets out to dismantle the remaining criminal organizations that plague the streets. The partnership proves to be effective, but they soon find themselves prey to a reign of chaos unleashed by a rising criminal mastermind known to the terrified citizens of Gotham as the Joker.","28, 80, 53",30.9861,8.526,/qJ2tW6WMUDux911r6m7haRef0WH.jpg,/dqK9Hag1054tghRQSqLSfrkvQnA.jpg,2008-07-16,movie,2026-02-15 23:40:52.226388
19404,Dilwale Dulhania Le Jayenge,"Raj is a rich, carefree, happy-go-lucky second generation NRI. Simran is the daughter of Chaudhary Baldev Singh, who in spite of being an NRI is very strict about adherence to Indian values. Simran has left for India to be married to her childhood fiancé. Raj leaves for India with a mission at his hands, to claim his lady love under the noses of her whole family. Thus begins a saga.","35, 18, 10749",6.4929,8.516,/2CAL2433ZeIihfX1Hb2139CX0pW.jpg,/zQDFHYNVVVp9OAYSixYAG1SyX1l.jpg,1995-10-20,movie,2026-02-15 23:40:52.226388
497,The Green Mile,"A supernatural tale set on death row in a Southern prison, where gentle giant John Coffey possesses the mysterious power to heal people's ailments. When the cell block's head guard, Paul Edgecomb, recognizes Coffey's miraculous gift, he tries desperately to help stave off the condemned man's execution.","14, 18, 80",20.4923,8.5,/8VG8fDNiy50H4FedGwdSVUPoaJe.jpg,/b6HWTOxn1xevvyHU2K9ICvaRU6g.jpg,1999-12-10,movie,2026-02-15 23:40:52.226388
496243,Parasite,"All unemployed, Ki-taek's family takes peculiar interest in the wealthy and glamorous Parks for their livelihood until they get entangled in an unexpected incident.","35, 53, 18",18.2958,8.495,/7IiTTgloJzvGI1TAYymCfbfl3vT.jpg,/TU9NIjwzjoKPwQHoHshkFcQUCG.jpg,2019-05-30,movie,2026-02-15 23:40:52.226388
122,The Lord of the Rings: The Return of the King,"As armies mass for a final battle that will decide the fate of the world--and powerful, ancient forces of Light and Dark compete to determine the outcome--one member of the Fellowship of the Ring is revealed as the noble heir to the throne of the Kings of Men. Yet, the sole hope for triumph over evil lies with a brave hobbit, Frodo, who, accompanied by his loyal friend Sam and the hideous, wretched Gollum, ventures deep into the very dark heart of Mordor on his seemingly impossible quest to destroy the Ring of Power.​","12, 14, 28",30.1025,8.493,/rCzpDGLbOoPwLjy3OAm5NUPOTrC.jpg,/2u7zbn8EudG6kLlBzUYqP8RyFU4.jpg,2003-12-17,movie,2026-02-15 23:40:52.226388
680,Pulp Fiction,"A burger-loving hit man, his philosophical partner, a drug-addled gangster's moll and a washed-up boxer converge in this sprawling, comedic crime caper. Their adventures unfurl in three stories that ingeniously trip back and forth in time.","53, 80, 35",23.9774,8.486,/vQWk5YBFWF4bZaofAbv0tShwBvQ.jpg,/96hiUXEuYsu4tcnvlaY8tEMFM0m.jpg,1994-09-10,movie,2026-02-15 23:40:52.226388
372058,Your Name.,"High schoolers Mitsuha and Taki are complete strangers living separate lives. But one night, they suddenly switch places. Mitsuha wakes up in Taki’s body, and he in hers. This bizarre occurrence continues to happen randomly, and the two must adjust their lives around each other.","16, 10749, 18",17.7326,8.479,/q719jXXEzOoYaps6babgKnONONX.jpg,/8x9iKH8kWA0zdkgNdpAew7OstYe.jpg,2016-08-26,movie,2026-02-15 23:40:52.226388
429,"The Good, the Bad and the Ugly","While the Civil War rages on between the Union and the Confederacy, three men – a quiet loner, a ruthless hitman, and a Mexican bandit – comb the American Southwest in search of a strongbox containing $200,000 in stolen gold.",37,15.062,8.468,/bX2xnavhMYjWDoZp1VM6VnU1xwe.jpg,/Adrip2Jqzw56KeuV2nAxucKMNXA.jpg,1966-12-22,movie,2026-02-15 23:40:52.226388
157336,Interstellar,The adventures of a group of explorers who make use of a newly discovered wormhole to surpass the limitations on human space travel and conquer the vast distances involved in an interstellar voyage.,"12, 18, 878",46.8378,8.5,/gEU2QniE6E77NI6lCU6MxlNBvIx.jpg,/2ssWTSVklAEc98frZUQhgtGHx7s.jpg,2014-11-05,movie,2026-02-15 23:40:52.226388
13,Forrest Gump,"A man with a low IQ has accomplished great things in his life and been present during significant historic events—in each case, far exceeding what anyone imagined he could do. But despite all he has achieved, his one true love eludes him.","35, 18, 10749",24.6044,8.462,/saHP97rTPS5eLmrLQEcANmKrsFl.jpg,/67HggiWaP9ZLv5sPYmyRV37yAJM.jpg,1994-06-23,movie,2026-02-15 23:40:52.226388
769,GoodFellas,"The true story of Henry Hill, a half-Irish, half-Sicilian Brooklyn kid who is adopted by neighbourhood gangsters at an early age and climbs the ranks of a Mafia family under the guidance of Jimmy Conway.","18, 80",25.2771,8.452,/9OkCLM73MIU2CrKZbqiT8Ln1wY2.jpg,/gILte6Zd7m1YneIr6MVhh30S9pr.jpg,1990-09-12,movie,2026-02-15 23:40:52.226388
346,Seven Samurai,"A samurai answers a village's request for protection after he falls on hard times. The town needs protection from bandits, so the samurai gathers six others to help him teach the people how to defend themselves, and the villagers provide the soldiers with food.","28, 18",9.8256,8.451,/lOMGc8bnSwQhS4XyE1S99uH8NXf.jpg,/qvZ91FwMq6O47VViAr8vZNQz3WI.jpg,1954-04-26,movie,2026-02-15 23:40:52.226388
12477,Grave of the Fireflies,"In the final months of World War II, 14-year-old Seita and his sister Setsuko are orphaned when their mother is killed during an air raid in Kobe, Japan. After a falling out with their aunt, they move into an abandoned bomb shelter. With no surviving relatives and their emergency rations depleted, Seita and Setsuko struggle to survive.","16, 18, 10752",0.0089,8.443,/k9tv1rXZbOhH7eiCk378x61kNQ1.jpg,/aHaqZpOL7UyVu0nKqp3SMz0o2E1.jpg,1988-04-16,movie,2026-02-15 23:40:52.226388
637,Life Is Beautiful,A touching story of an Italian book seller of Jewish ancestry who lives in his own little fairy tale. His creative and happy life would come to an abrupt halt when his entire family is deported to a concentration camp during World War II. While locked up he tries to convince his son that the whole thing is just a game.,"35, 18",9.4178,8.44,/mfnkSeeVOBVheuyn2lo4tfmOPQb.jpg,/6aNKD81RHR1DqUUa8kOZ1TBY1Lp.jpg,1997-12-20,movie,2026-02-15 23:40:52.226388
550,Fight Club,"A ticking-time-bomb insomniac and a slippery soap salesman channel primal male aggression into a shocking new form of therapy. Their concept catches on, with underground ""fight clubs"" forming in every town, until an eccentric gets in the way and ignites an out-of-control spiral toward oblivion.","18, 53",27.3405,8.438,/pB8BM7pdSp6B6Ih7QZ4DrQ3PmJK.jpg,/5TiwfWEaPSwD20uwXjCTUqpQX70.jpg,1999-10-15,movie,2026-02-15 23:40:52.226388
14537,Harakiri,"Down-on-his-luck veteran Tsugumo Hanshirō enters the courtyard of the prosperous House of Iyi. Unemployed, and with no family, he hopes to find a place to commit seppuku—and a worthy second to deliver the coup de grâce in his suicide ritual. The senior counselor for the Iyi clan questions the ronin’s resolve and integrity, suspecting Hanshirō of seeking charity rather than an honorable end. What follows is a pair of interlocking stories which lay bare the difference between honor and respect, and promises to examine the legendary foundations of the Samurai code.","28, 18, 36",4.3407,8.436,/3nPwMd3KviJWaHzG9fZCqlwWMas.jpg,/e3hG3uadtcP0pYdRa5ch4ysQW76.jpg,1962-09-15,movie,2026-02-15 23:40:52.226388
598,City of God,"In the poverty-stricken favelas of Rio de Janeiro in the 1970s, two young men choose different paths. Rocket is a budding photographer who documents the increasing drug-related violence of his neighborhood, while José “Zé” Pequeno is an ambitious drug dealer diving into a dangerous life of crime.","18, 80",8.3438,8.428,/k7eYdWvhYQyRQoU2TB2A2Xu2TfD.jpg,/uvitbjFU4JqvMwIkMWHp69bmUzG.jpg,2002-08-30,movie,2026-02-15 23:40:52.226388
120,The Lord of the Rings: The Fellowship of the Ring,"Young hobbit Frodo Baggins, after inheriting a mysterious ring from his uncle Bilbo, must leave his home in order to keep it from falling into the hands of its evil creator. Along the way, a fellowship is formed to protect the ringbearer and make sure that the ring arrives at its final destination: Mt. Doom, the only place where it can be destroyed.","12, 14, 28",24.6329,8.428,/6oom5QYQ2yQTMJIbnvbkBL9cHo6.jpg,/oiwc338EoBgS4sEI2ixAny4KQKg.jpg,2001-12-18,movie,2026-02-15 23:40:52.226388
11216,Cinema Paradiso,"A filmmaker recalls his childhood, when he fell in love with the movies at his village's theater and formed a deep friendship with the theater's projectionist.","18, 10749",7.3837,8.424,/gCI2AeMV4IHSewhJkzsur5MEp6R.jpg,/zoVeIgKzGJzpdG6Gwnr7iOYfIMU.jpg,1988-11-17,movie,2026-02-15 23:40:52.226388
667257,Impossible Things,"After the death of her abusive husband, Matilde finds her new best friend in Miguel, her young, insecure, and disoriented neighbor.","10751, 18",1.8203,8.421,/t2Ew8NZ8Ci2kqmoecZUNQUFDJnQ.jpg,/bxSBOAD8AuMHYMdW3jso9npAkgt.jpg,2021-06-17,movie,2026-02-15 23:40:52.226388
40096,A Dog's Will,"The lively João Grilo and the sly Chicó are poor guys living in the hinterland who cheat a bunch of people in a small town in Northeastern Brazil. When they die, they have to be judged by Christ, the Devil and the Virgin Mary before they are admitted to paradise.","35, 18, 14, 10749",2.5623,8.42,/ctfNJw6gofTjQvhOZeH8QKt0O2x.jpg,/alQqTpmEkxSLgajfEYTsTH6nAKB.jpg,2000-09-15,movie,2026-02-15 23:40:52.226388
539,Psycho,"When larcenous real estate clerk Marion Crane goes on the lam with a wad of cash and hopes of starting a new life, she ends up at the notorious Bates Motel, where manager Norman Bates cares for his housebound mother.","27, 53, 9648",12.8775,8.418,/yz4QVqPx3h1hD1DfqqQkCq3rmxW.jpg,/vzXQEAmXIEWAtPCgB81bAS6EJCy.jpg,1960-06-22,movie,2026-02-15 23:40:52.226388
510,One Flew Over the Cuckoo's Nest,"A petty criminal fakes insanity to serve his sentence in a mental ward rather than prison. He soon finds himself as a leader to the other patients—and an enemy to the cruel, domineering nurse who runs the ward.",18,8.7579,8.413,/kjWsMh72V6d8KRLV4EOoSJLT1H7.jpg,/6Oa3zTiluBz2W8D2ou1MY16dUiF.jpg,1975-11-19,movie,2026-02-15 23:40:52.226388
121,The Lord of the Rings: The Two Towers,"Frodo Baggins and the other members of the Fellowship continue on their sacred quest to destroy the One Ring--but on separate paths. Their destinies lie at two towers--Orthanc Tower in Isengard, where the corrupt wizard Saruman awaits, and Sauron's fortress at Barad-dur, deep within the dark lands of Mordor. Frodo and Sam are trekking to Mordor to destroy the One Ring of Power while Gimli, Legolas and Aragorn search for the orc-captured Merry and Pippin. All along, nefarious wizard Saruman awaits the Fellowship members at the Orthanc Tower in Isengard.","12, 14, 28",20.165,8.413,/5VTN0pR8gcqV3EPUHHfMGnJYN9L.jpg,/kWYfW2Re0rUDE6IHhy4CRuKWeFr.jpg,2002-12-18,movie,2026-02-15 23:40:52.226388
696374,Gabriel's Inferno,"An intriguing and sinful exploration of seduction, forbidden love, and redemption, Gabriel's Inferno is a captivating and wildly passionate tale of one man's escape from his own personal hell as he tries to earn the impossible--forgiveness and love.","10749, 18",2.2787,8.399,/oyG9TL7FcRP4EZ9Vid6uKzwdndz.jpg,/nIkcTtuhmkl1GZO2LfZi7SwFz7F.jpg,2020-05-29,movie,2026-02-15 23:40:52.226388
255709,Hope,"After 8-year-old So-won narrowly survives a brutal sexual assault, her family labors to help her heal while coping with their own rage and grief.",18,4.1829,8.396,/x9yjkm9gIz5qI5fJMUTfBnWiB2o.jpg,/4Nx40jwpoTHPjCWNGoaZ6kaoGxa.jpg,2013-10-02,movie,2026-02-15 23:40:52.226388
324857,Spider-Man: Into the Spider-Verse,"Struggling to find his place in the world while juggling school and family, Brooklyn teenager Miles Morales is unexpectedly bitten by a radioactive spider and develops unfathomable powers just like the one and only Spider-Man. While wrestling with the implications of his new abilities, Miles discovers a super collider created by the madman Wilson ""Kingpin"" Fisk, causing others from across the Spider-Verse to be inadvertently transported to his dimension.","16, 28, 12, 878",21.2578,8.393,/iiZZdoQBEYBv6id8su7ImL0oCbD.jpg,/8mnXR9rey5uQ08rZAvzojKWbDQS.jpg,2018-12-06,movie,2026-02-15 23:40:52.226388
1891,The Empire Strikes Back,"The epic saga continues as Luke Skywalker, in hopes of defeating the evil Galactic Empire, learns the ways of the Jedi from aging master Yoda. But Darth Vader is more determined than ever to capture Luke. Meanwhile, rebel leader Princess Leia, cocky Han Solo, Chewbacca, and droids C-3PO and R2-D2 are thrown into various stages of capture, betrayal and despair.","12, 28, 878",11.3025,8.392,/nNAeTmF4CtdSgMDplXTDPOpYzsX.jpg,/aJCtkxLLzkk1pECehVjKHA2lBgw.jpg,1980-05-20,movie,2026-02-15 23:40:52.226388
311,Once Upon a Time in America,"A former Prohibition-era Jewish gangster returns to the Lower East Side of Manhattan over thirty years later, where he once again must confront the ghosts and regrets of his old life.","18, 80",11.1349,8.4,/i0enkzsL5dPeneWnjl1fCWm6L7k.jpg,/xlDUjb0Q5Dv6jPQRF5VE4IMjIy.jpg,1984-05-23,movie,2026-02-15 23:40:52.226388
4935,Howl's Moving Castle,"Sophie, a young milliner, is turned into an elderly woman by a witch who enters her shop and curses her. She encounters a wizard named Howl and gets caught up in his resistance to fighting for the king.","14, 16, 12",14.3184,8.387,/13kOl2v0nD2OLbVSHnHk8GUFEhO.jpg,/pjy0T63vIFYvxRSJ3ZtjB4tmWV4.jpg,2004-09-09,movie,2026-02-15 23:40:52.226388
378064,A Silent Voice: The Movie,"Shouya Ishida starts bullying the new girl in class, Shouko Nishimiya, because she is deaf. But as the teasing continues, the rest of the class starts to turn on Shouya for his lack of compassion. When they leave elementary school, Shouko and Shouya do not speak to each other again... until an older, wiser Shouya, tormented by his past behaviour, decides he must see Shouko once more. He wants to atone for his sins, but is it already too late...?","16, 18, 10749",9.2583,8.384,/tuFaWiqX0TXoWu7DGNcmX3UW7sT.jpg,/5lAMQMWpXMsirvtLLvW7cJgEPkU.jpg,2016-09-17,movie,2026-02-15 23:40:52.226388
807,Se7en,"Two homicide detectives are on a desperate hunt for a serial killer whose crimes are based on the ""seven deadly sins"" in this dark and haunting film that takes viewers from the tortured remains of one victim to the next. The seasoned Det. Somerset researches each sin in an effort to get inside the killer's mind, while his novice partner, Mills, scoffs at his efforts to unravel the case.","80, 9648, 53",20.4645,8.378,/191nKfP0ehp3uIvWqgPbFmI4lv9.jpg,/iwgl8zlrrfvfWp9k9Paj8lvFEvS.jpg,1995-09-22,movie,2026-02-15 23:40:52.226388
423,The Pianist,"The true story of pianist Władysław Szpilman's experiences in Warsaw during the Nazi occupation. When the Jews of the city find themselves forced into a ghetto, Szpilman finds work playing in a café; and when his family is deported in 1942, he stays behind, works for a while as a laborer, and eventually goes into hiding in the ruins of the war-torn city.","18, 10752",10.1623,8.376,/2hFvxCCWrTmCYwfy7yum0GKRi3Y.jpg,/c0fB9xk7D1aVb3Bg2rk2SVJcGn.jpg,2002-09-17,movie,2026-02-15 23:40:52.226388
244786,Whiplash,"Under the direction of a ruthless instructor, a talented young drummer begins to pursue perfection at any cost, even his humanity.","18, 10402",17.3406,8.374,/7fn624j5lj3xTme2SgiLCeuedmO.jpg,/1kuYEvLkX2nTkbfzN6X0w0xQFQU.jpg,2014-10-10,movie,2026-02-15 23:40:52.226388
724089,Gabriel's Inferno: Part II,"Professor Gabriel Emerson finally learns the truth about Julia Mitchell's identity, but his realization comes a moment too late. Julia is done waiting for the well-respected Dante specialist to remember her and wants nothing more to do with him. Can Gabriel win back her heart before she finds love in another's arms?","10749, 18",1.6685,8.37,/x5o8cLZfEXMoZczTYWLrUo1P7UJ.jpg,/jtAI6OJIWLWiRItNSZoWjrsUtmi.jpg,2020-07-31,movie,2026-02-15 23:40:52.226388
27205,Inception,"Cobb, a skilled thief who commits corporate espionage by infiltrating the subconscious of his targets is offered a chance to regain his old life as payment for a task considered to be impossible: ""inception"", the implantation of another person's idea into a target's subconscious.","28, 878, 12",33.5223,8.4,/xlaY2zyzMfkhk0HSC5VUwzoZPU1.jpg,/ii8QGacT3MXESqBckQlyrATY0lT.jpg,2010-07-15,movie,2026-02-15 23:40:52.226388
761053,Gabriel's Inferno: Part III,The final part of the film adaption of the erotic romance novel Gabriel's Inferno written by an anonymous Canadian author under the pen name Sylvain Reynard.,"10749, 18",2.7573,8.362,/fYtHxTxlhzD4QWfEbrC1rypysSD.jpg,/fQq1FWp1rC89xDrRMuyFJdFUdMd.jpg,2020-11-19,movie,2026-02-15 23:40:52.226388
1058694,Radical,"In a Mexican border town plagued by neglect, corruption, and violence, a frustrated teacher tries an unorthodox new method to break through his students’ apathy and unlock their curiosity, their potential... and perhaps even their genius.",18,2.2117,8.351,/lOAJYpX608aT0ApIv63ZTnol27Y.jpg,/gutU32BiBxJvJdzLv5RWC9hQhNh.jpg,2023-10-19,movie,2026-02-15 23:40:52.226388
770156,Lucy Shimmers and the Prince of Peace,Second chances start when a hardened criminal crosses paths with a precocious little girl who is helped by an angel to change hearts during the holiday season.,"18, 10751",3.497,8.351,/yfnJ5qIYx7q33fY4jqv9Pu95RSg.jpg,/7jS69IM8bK7ooOWGFmM9G6JcenO.jpg,2020-10-19,movie,2026-02-15 23:40:52.226388
1218925,Chainsaw Man - The Movie: Reze Arc,"In a brutal war between devils, hunters, and secret enemies, a mysterious girl named Reze has stepped into Denji's world, and he faces his deadliest battle yet, fueled by love in a world where survival knows no rules.","16, 28, 10749, 14",32.9546,8.349,/pHyxb2RV5wLlboAwm9ZJ9qTVEDw.jpg,/gqTz24ZRsCP6AKjARmEivY7m0cK.jpg,2025-09-19,movie,2026-02-15 23:40:52.226388
12493,High and Low,A Yokohama shoe executive faces a wrenching choice when kidnappers mistakenly seize his chauffeur’s son but demand the ransom anyway.,"18, 80",3.6627,8.347,/tgNjemQPG96uIezpiUiXFcer5ga.jpg,/A62quSOB8otoZvGiLvMVZ9G4BiO.jpg,1963-03-01,movie,2026-02-15 23:40:52.226388
274,The Silence of the Lambs,"Clarice Starling is a top student at the FBI's training academy.  Jack Crawford wants Clarice to interview Dr. Hannibal Lecter, a brilliant psychiatrist who is also a violent psychopath, serving life behind bars for various acts of murder and cannibalism.  Crawford believes that Lecter may have insight into a case and that Starling, as an attractive young woman, may be just the bait to draw him out.","80, 53, 18",4.2756,8.346,/uS9m8OBk1A8eM9I042bx8XXpqAq.jpg,/aYcnDyLMnpKce1FOYUpZrXtgUye.jpg,1991-02-14,movie,2026-02-15 23:40:52.226388
567,Rear Window,A wheelchair-bound photographer spies on his neighbors from his apartment window and becomes convinced one of them has committed murder.,"53, 9648",7.64,8.343,/ILVF0eJxHMddjxeQhswFtpMtqx.jpg,/zGs5tZOlvc9cprdcU6kDOVNpujf.jpg,1954-08-01,movie,2026-02-15 23:40:52.226388
569094,Spider-Man: Across the Spider-Verse,"After reuniting with Gwen Stacy, Brooklyn’s full-time, friendly neighborhood Spider-Man is catapulted across the Multiverse, where he encounters the Spider Society, a team of Spider-People charged with protecting the Multiverse's very existence. But when the heroes clash on how to handle a new threat, Miles finds himself pitted against the other Spiders and must set out on his own to save those he loves most.","16, 28, 12, 878",28.2579,8.3,/8Vt6mWEReuy4Of61Lnj5Xj704m8.jpg,/9xfDWXAUbFXQK585JvByT5pEAhe.jpg,2023-05-31,movie,2026-02-15 23:40:52.226388
73,American History X,"Derek Vineyard is paroled after serving 3 years in prison for killing two African-American men. Through his brother, Danny Vineyard's narration, we learn that before going to prison, Derek was a skinhead and the leader of a violent white supremacist gang that committed acts of racial crime throughout L.A. and his actions greatly influenced Danny. Reformed and fresh out of prison, Derek severs contact with the gang and becomes determined to keep Danny from going down the same violent path as he did.",18,8.789,8.328,/x2drgoXYZ8484lqyDj7L1CEVR4T.jpg,/6qHI1IYj7QlLSCwHRzkL62X175s.jpg,1998-07-01,movie,2026-02-15 23:40:52.226388
105,Back to the Future,"Eighties teenager Marty McFly is accidentally sent back in time to 1955, inadvertently disrupting his parents' first meeting and attracting his mother's romantic interest. Marty must repair the damage to history by rekindling his parents' romance and - with the help of his eccentric inventor friend Doc Brown - return to 1985.","12, 35, 878",16.5486,8.324,/vN5B5WgYscRGcQpVhHl6p9DDTP0.jpg,/qskzmLTbarKnXDbo2HRj4NJ3vcW.jpg,1985-07-03,movie,2026-02-15 23:40:52.226388
128,Princess Mononoke,"Ashitaka, a prince of the disappearing Emishi people, is cursed by a demonized boar god and must journey to the west to find a cure. Along the way, he encounters San, a young human woman fighting to protect the forest, and Lady Eboshi, who is trying to destroy it. Ashitaka must find a way to bring balance to this conflict.","12, 14, 16",10.8275,8.322,/cMYCDADoLKLbB83g4WnJegaZimC.jpg,/gl0jzn4BupSbL2qMVeqrjKkF9Js.jpg,1997-07-12,movie,2026-02-15 23:40:52.226388
620249,The Legend of Hei,"When cat spirit Luo Xiaohei's home is deforested by humans, he must find a new one. He runs into a group of other spirit creatures who take him under their wing with dreams of reconquering the land they say is rightfully theirs. However, they run into a human known as Wuxian who separates Luo Xiaohei from the other spirits and the two go on a journey, with the cat spirit learning to control his abilities as well as forming his own thoughts on whether or not he should ally with the spirits or the humans.","16, 14, 28",4.4243,8.32,/4jfbKKLpqts3i2h2obkrONcjTg1.jpg,/aVFx1VtlOxR3v0ADEatalXOvwbu.jpg,2019-08-27,movie,2026-02-15 23:40:52.226388
3782,Ikiru,"Kanji Watanabe is a middle-aged man who has worked in the same monotonous bureaucratic position for decades. Learning he has cancer, he starts to look for the meaning of his life.",18,4.4156,8.314,/dgNTS4EQDDVfkzJI5msKuHu2Ei3.jpg,/stiGp1XzkLSYdUUEWTyQOZRkr49.jpg,1952-10-09,movie,2026-02-15 23:40:52.226388
1184918,The Wild Robot,"After a shipwreck, an intelligent robot called Roz is stranded on an uninhabited island. To survive the harsh environment, Roz bonds with the island's animals and cares for an orphaned baby goose.","16, 878, 10751, 12, 18",16.5179,8.3,/wTnV3PCVW5O92JMrFvvrRcV39RU.jpg,/1pmXyN3sKeYoUhu5VBZiDU4BX21.jpg,2024-09-12,movie,2026-02-15 23:40:52.226388
10494,Perfect Blue,"Rising pop star Mima quits singing to pursue a career as an actress. After she takes up a role on a popular detective show, her handlers and collaborators begin turning up murdered. Harboring feelings of guilt and haunted by visions of her former self, Mima's reality and fantasy meld into a frenzied paranoia.","16, 53",6.866,8.301,/6WTiOCfDPP8XV4jqfloiVWf7KHq.jpg,/mHG7dpLb0ZScSY3LpP443IHRmjy.jpg,1998-02-28,movie,2026-02-15 23:40:52.226388
207,Dead Poets Society,"At an elite, old-fashioned boarding school in New England, a passionate English teacher inspires his students to rebel against convention and seize the potential of every day, courting the disdain of the stern headmaster.",18,12.1438,8.3,/l5NbiHKUmahlAT3Q1ig8Tyl9xrc.jpg,/yYvBNN96Ym3wtPxGCFl7F888WwB.jpg,1989-06-02,movie,2026-02-15 23:40:52.226388
372754,Dou kyu sei – Classmates,"Rihito Sajo, an honor student with a perfect score on the entrance exam and Hikaru Kusakabe, in a band and popular among girls, would have never crossed paths. Until one day they started talking at the practice for their school’s upcoming chorus festival. After school, the two meet regularly, as Hikaru helps Rihito to improve his singing skills. While they listen to each other’s voice and harmonize, their hearts start to beat together.","10749, 16",2.0043,8.296,/cIfRCA5wEvj9tApca4UDUagQEiM.jpg,/tLmyP7akYmxLwyfTEt2qyj2sOR3.jpg,2016-02-20,movie,2026-02-15 23:40:52.226388
15804,A Brighter Summer Day,"A boy experiences first love, friendships and injustices growing up in 1960s Taiwan.","80, 18, 10749",2.5625,8.3,/3l8fOAwiN3N5n3hHnZ51eog7Zu2.jpg,/hypv7bDxzqdhJfEpjRKf1aQbdc.jpg,1991-07-27,movie,2026-02-15 23:40:52.226388
101,Léon: The Professional,"Léon, the top hit man in New York, has earned a rep as an effective ""cleaner"". But when his next-door neighbors are wiped out by a loose-cannon DEA agent, he becomes the unwilling custodian of 12-year-old Mathilda. Before long, Mathilda's thoughts turn to revenge, and she considers following in Léon's footsteps.","80, 18, 28",16.2317,8.296,/bxB2q91nKYp8JNzqE7t7TWBVupB.jpg,/jRJrQ72VLyEnVsvwfep8Xjlvu8c.jpg,1994-09-14,movie,2026-02-15 23:40:52.226388
820067,The Quintessential Quintuplets Movie,"When five lovely young girls who hate studying hire part-time tutor Futaro, he guides not only their education but also their hearts. Time spent has brought them all closer, with feelings growing within the girls and Futaro. As they finish their third year of high school and their last school festival approaches, they set their sights on what’s next. Is there a future with one of them and Futaro?","16, 35, 10749",4.8813,8.294,/sg7klpt1xwK1IJirBI9EHaqQwJ5.jpg,/gcgKSyE2iqwfKWMDZ8TJPxeIu0P.jpg,2022-05-20,movie,2026-02-15 23:40:52.226388
42269,We All Loved Each Other So Much,"Three partisans bound by a strong friendship return home after the war, but the clash with everyday reality puts a strain on their bond.","18, 35",1.61,8.289,/zGGWYpiKNwjpKxelPxOMqJnUgDs.jpg,/2Kkqmy3EpXqBDqv1vvsNXX3pwww.jpg,1974-12-21,movie,2026-02-15 23:40:52.226388
533514,Violet Evergarden: The Movie,"As the world moves on from the war and technological advances bring changes to her life, Violet still hopes to see her lost commanding officer again.","16, 18, 14, 10749",3.0373,8.3,/bajajkoErDst0JxdFyBkABiF9rW.jpg,/wGwSWDG3LIQxchg2M8HV7bDqYKU.jpg,2020-09-18,movie,2026-02-15 23:40:52.226388
644479,Dedicated to my ex,"The film tells the story of Ariel, a 21-year-old who decides to form a rock band to compete for a prize of ten thousand dollars in a musical band contest, this as a last option when trying to get money to save their relationship and reunite with his ex-girlfriend, which breaks due to the trip she must make to Finland for an internship. Ariel with her friend Ortega, decides to make a casting to find the other members of the band, although they do not know nothing about music, thus forming a band with members that have diverse and opposite personalities.","18, 35",1.2263,8.3,/xc4bTXVwYNXi10jG9dwcaYt5IpU.jpg,/1fOsyhVz5qyX2rl1qqX6KImVhTx.jpg,2019-11-01,movie,2026-02-15 23:40:52.226388
914,The Great Dictator,Dictator Adenoid Hynkel tries to expand his empire while a poor Jewish barber tries to avoid persecution from Hynkel's regime.,"35, 10752",4.464,8.285,/1QpO9wo7JWecZ4NiBuu625FiY1j.jpg,/c8Pi8F1FzpNebtgXcSjC9nWCdSW.jpg,1940-10-15,movie,2026-02-15 23:40:52.226388
599,Sunset Boulevard,A hack screenwriter writes a screenplay for a former silent film star who has faded into Hollywood obscurity.,18,4.8347,8.282,/zt8aQ6ksqK6p1AopC5zVTDS9pKT.jpg,/p47ihFj4A7EpBjmPHdTj4ipyq1S.jpg,1950-08-10,movie,2026-02-15 23:40:52.226388
3082,Modern Times,"A bumbling tramp desires to build a home with a young woman, yet is thwarted time and time again by his lack of experience and habit of being in the wrong place at the wrong time..","35, 18, 10749",3.7074,8.282,/7uoiKOEjxBBW0AgDGQWrlfGQ90w.jpg,/kSlO1pHpwQfPQdgVPr7dJiJNtJ8.jpg,1936-02-05,movie,2026-02-15 23:40:52.226388
335,Once Upon a Time in the West,"As the railroad builders advance unstoppably through the Arizona desert on their way to the sea, Jill arrives in the small town of Flagstone with the intention of starting a new life.","18, 37",7.393,8.28,/qbYgqOczabWNn2XKwgMtVrntD6P.jpg,/aKZ9hDmLJTaGSxWdhxqMTcvXmk4.jpg,1968-12-21,movie,2026-02-15 23:40:52.226388
652837,"Josee, the Tiger and the Fish","With dreams of diving abroad, Tsuneo gets a job assisting Josee, an artist whose imagination takes her far beyond her wheelchair. But when the tide turns against them, they push each other to places they never thought possible, and inspire a love fit for a storybook.","16, 18, 10749",3.8327,8.277,/z1D8xi9x4uEhyFruo7uEHXUMD4K.jpg,/521koHpCyK6ZeNpEAvPAuC75cJ5.jpg,2020-12-25,movie,2026-02-15 23:40:52.226388
1585,It's a Wonderful Life,"George Bailey has spent his entire life giving to the people of Bedford Falls.  All that prevents rich skinflint Mr. Potter from taking over the entire town is George's modest building and loan company.  But on Christmas Eve the business's $8,000 is lost and George's troubles begin.","18, 10751, 14",7.1609,8.3,/bSqt9rhDZx1Q7UZ86dBPKdNomp2.jpg,/3q35nBLCIdEbxYfsr7D5ocYQXKz.jpg,1946-12-20,movie,2026-02-15 23:40:52.226388
1139087,Once Upon a Studio,"Created for Disney's 100th anniversary, the short features Mickey Mouse corralling a gallery of legendary Disney characters for a group photo.","16, 10751, 14, 35",3.3381,8.3,/aiy3G1cYWV3LgKZHY6a3jL8bjYL.jpg,/hUeSuUxNyQivx2wrRvGoyZiZDUu.jpg,2023-09-24,movie,2026-02-15 23:40:52.226388
77338,The Intouchables,A true story of two men who should never have met – a quadriplegic aristocrat who was injured in a paragliding accident and a young man from the projects.,"18, 35",12.6836,8.269,/1QU7HKgsQbGpzsJbJK4pAVQV9F5.jpg,/5ATSg3rufgIMfcrHd2gEi678hZu.jpg,2011-11-02,movie,2026-02-15 23:40:52.226388
28,Apocalypse Now,"At the height of the Vietnam war, Captain Benjamin Willard is sent on a dangerous mission that, officially, ""does not exist, nor will it ever exist."" His goal is to locate - and eliminate - a mysterious Green Beret Colonel named Walter Kurtz, who has been leading his personal army on illegal guerrilla missions into enemy territory.","18, 10752",11.1635,8.268,/gQB8Y5RCMkv2zwzFHbUJX3kAhvA.jpg,/eN5G8vTWLnZxJ0LTd4g27oPObcZ.jpg,1979-05-19,movie,2026-02-15 23:40:52.226388
18491,Neon Genesis Evangelion: The End of Evangelion,"SEELE orders an all-out attack on NERV, aiming to destroy the Evas before Gendo can advance his own plans for the Human Instrumentality Project. Shinji is pushed to the limits of his sanity as he is forced to decide the fate of humanity.","16, 878, 18, 14",6.3979,8.262,/j6G24dqI4WgUtChhWjfnI4lnmiK.jpg,/xLMJCCSatxENpHO9rLW9yD8A12C.jpg,1997-07-19,movie,2026-02-15 23:40:52.226388
92321,Hotarubi no Mori e,"One hot summer day a little girl gets lost in an enchanted forest of the mountain god where spirits reside. A young boy appears before her, but she cannot touch him for fear of making him disappear. And so a wondrous adventure awaits...","10749, 16, 14",0.0032,8.263,/mDqzHV8UXWWNpZkoAbKmKX1ZxEE.jpg,/qknxyRgP6UTmwJ4B9tDAmzHMq7u.jpg,2011-09-17,movie,2026-02-15 23:40:52.226388
1356039,Counterattack,"When a hostage rescue mission creates a new enemy, Capt. Guerrero and his elite soldiers must face an ambush by a criminal group.","28, 12, 53",6.5985,8.26,/38I76hGcFY6xB47pjm7pZwkfuAF.jpg,/deUWVEgNh2IGjShyymZhaYP40ye.jpg,2025-02-27,movie,2026-02-15 23:40:52.226388
975,Paths of Glory,A commanding officer defends three scapegoats on trial for a failed offensive that occurred within the French Army in 1916.,"10752, 18",4.6197,8.257,/p7OHwomA8UOhe3EhckF2IetBTh9.jpg,/eTZkq5tI58Ec76AwPf1HOUoKtky.jpg,1957-10-25,movie,2026-02-15 23:40:52.226388
901,City Lights,A tramp falls in love with a beautiful blind flower girl. His on-and-off friendship with a wealthy man allows him to be the girl's benefactor and suitor.,"35, 18, 10749",3.3268,8.257,/bXNvzjULc9jrOVhGfjcc64uKZmZ.jpg,/aSksN0VqrRyXkcJPDqGL6S3gxpl.jpg,1931-02-06,movie,2026-02-15 23:40:52.226388
572154,Rascal Does Not Dream of a Dreaming Girl,"In Fujisawa, Sakuta Azusagawa is in his second year of high school. Blissful days with his girlfriend and upperclassman, Mai Sakurajima, are interrupted by the appearance of his first crush, Shoko Makinohara.","16, 10749, 18, 14",2.7225,8.255,/jg73umEpBHT7l4DBmV5bR78H1JI.jpg,/5MgMCnslrxQfOfaq6T5ndkLlcCk.jpg,2019-06-15,movie,2026-02-15 23:40:52.226388
8587,The Lion King,"Young lion prince Simba, eager to one day become king of the Pride Lands, grows up under the watchful eye of his father Mufasa; all the while his villainous uncle Scar conspires to take the throne for himself. Amid betrayal and tragedy, Simba must confront his past and find his rightful place in the Circle of Life.","10751, 16, 18, 12",19.7144,8.255,/sKCr78MXSLixwmZ8DyJLrpMsd15.jpg,/q00H8EqULYSK74lgevMkhmGGLHn.jpg,1994-06-15,movie,2026-02-15 23:40:52.226388
637920,Miracle in Cell No. 7,"Separated from his daughter, a father with an intellectual disability must prove his innocence when he is jailed for the death of a commander's child.",18,8.1423,8.253,/bOth4QmNyEkalwahfPCfiXjNh1r.jpg,/inEy3A5OPgeYW4rjRiGycfEeQzA.jpg,2019-10-10,movie,2026-02-15 23:40:52.226388
29259,Le Trou,"Four prison inmates have been hatching a plan to literally dig out of jail when another prisoner, Claude Gaspard, is moved into their cell. They take a risk and share their plan with the newcomer. Over the course of three days, the prisoners and friends break through the concrete floor using a bed post and begin to make their way through the sewer system – yet their escape is anything but assured.","18, 53, 80",2.808,8.252,/xyZhiOz5NHVBUKlpioxjwajy7pm.jpg,/f72GEQF2lKsdmEULSI9bWCbQylH.jpg,1960-03-18,movie,2026-02-15 23:40:52.226388
632632,Given,"Haruki secretly had feelings for Akihiko for years, but Akihiko was still in a relationship with his roommate, the violinist Ugetsu Murata. Haruki, Akihiko, and Ugetsu's love clashes and starts to move forward.","16, 18, 10402, 10749",2.2659,8.255,/pegCub2zdYD5As43AOmGsIctuKc.jpg,/9Xz0bzUFTVgDZd4WZz1cJDQjLkB.jpg,2020-08-22,movie,2026-02-15 23:40:52.226388
654299,Out of the Clear Blue Sky,"Returning to Earth as an imitator, the legendary Mexican artist Pedro Infante must prove that he is no longer a womanizer to enter paradise.","35, 18, 10402",1.2636,8.25,/o9cSEHrXzPOO4OIoT9yrdxc216w.jpg,/o33acwn7KliNpJRbjy4FrMSpiQ9.jpg,2019-12-24,movie,2026-02-15 23:40:52.226388
10376,The Legend of 1900,"The story of a virtuoso piano player who lives his entire life aboard an ocean liner. Born and raised on the ship, 1900 learned about the outside world through interactions with passengers, never setting foot on land, even for the love of his life. Years later, the ship may be destroyed, and a former band member fears that 1900 may still be aboard, willing to go down with the ship.","18, 10402",4.0158,8.246,/iOcbJ5pxokOPDRgieVDbsFMrCc6.jpg,/muSeX7fnNw0pv4zHK7RSwZln6Hk.jpg,1998-10-28,movie,2026-02-15 23:40:52.226388
630566,Clouds,"Young musician Zach Sobiech discovers his cancer has spread, leaving him just a few months to live. With limited time, he follows his dream and makes an album, unaware that it will soon be a viral music phenomenon.","10402, 18, 10749",5.5989,8.242,/d0OdD1I8qAfETvE9Rp9Voq7R8LR.jpg,/L7DIiAdP8DnNqOh7454ZrTYspR.jpg,2020-10-09,movie,2026-02-15 23:40:52.226388
568332,Taylor Swift: Reputation Stadium Tour,"Taylor Swift takes the stage in Dallas for the Reputation Stadium Tour and celebrates a monumental night of music, memories and visual magic.",10402,1.7903,8.2,/u6oXUTtOuJRPdUgUuPAVVJPSKCo.jpg,/4uMrZS7XEHRNKwHr5wSOxROanPF.jpg,2018-12-31,movie,2026-02-15 23:40:52.226388
670,Oldboy,"With no clue how he came to be imprisoned, drugged and tortured for 15 years, a desperate man seeks revenge on his captors.","18, 53, 9648, 28",14.2173,8.24,/pWDtjs568ZfOTMbURQBYuT4Qxka.jpg,/sdwjQEM869JFwMytTmvr6ggvaUl.jpg,2003-11-21,movie,2026-02-15 23:40:52.226388
447362,Life in a Year,"A 17 year old finds out that his girlfriend is dying, so he sets out to give her an entire life, in the last year she has left.","18, 10749",2.4845,8.239,/bP7u19opmHXYeTCUwGjlLldmUMc.jpg,/u6aGN71Hx39iX8Uv4ILRRKHmAXc.jpg,2020-11-27,movie,2026-02-15 23:40:52.226388
603,The Matrix,"Set in the 22nd century, The Matrix tells the story of a computer hacker who joins a group of underground insurgents fighting the vast and powerful computers who now rule the earth.","28, 878",25.1063,8.238,/p96dm7sCMn4VYAStA6siNz30G1r.jpg,/tlm8UkiQsitc8rSuIAscQDCnP8d.jpg,1999-03-31,movie,2026-02-15 23:40:52.226388
504253,I Want to Eat Your Pancreas,"After his classmate and crush is diagnosed with a pancreatic disease, an average high schooler sets out to make the most of her final days.","16, 18, 10749",3.2655,8.237,/qDWA7fB4cZ4sBP6YgwlxvraDHi7.jpg,/YLyORLsYIjC0d1TFBSpJKk7piP.jpg,2018-09-01,movie,2026-02-15 23:40:52.226388
299534,Avengers: Endgame,"After the devastating events of Avengers: Infinity War, the universe is in ruins due to the efforts of the Mad Titan, Thanos. With the help of remaining allies, the Avengers must assemble once more in order to undo Thanos' actions and restore order to the universe once and for all, no matter what consequences may be in store.","12, 878, 28",25.0198,8.236,/ulzhLuWrPK07P1YkdWQLZnQh1JL.jpg,/7RyHsO4yDXtBv1zUU3mTpHeQ0d5.jpg,2019-04-24,movie,2026-02-15 23:40:52.226388
299536,Avengers: Infinity War,"As the Avengers and their allies have continued to protect the world from threats too large for any one hero to handle, a new danger has emerged from the cosmic shadows: Thanos. A despot of intergalactic infamy, his goal is to collect all six Infinity Stones, artifacts of unimaginable power, and use them to inflict his twisted will on all of reality. Everything the Avengers have fought for has led up to this moment - the fate of Earth and existence itself has never been more uncertain.","12, 28, 878",36.2791,8.234,/7WsyChQLEftFiDOVTGkv3hFpyyt.jpg,/mDfJG3LC3Dqb67AZ52x3Z0jU0uB.jpg,2018-04-25,movie,2026-02-15 23:40:52.226388
1186532,The Forge,"19 year old Isaiah Wright lives for basketball and video games. A year out of high school, he has no job, no plans, and no idea how to be a man. At odds with his single mother Cynthia, Isaiah is given an ultimatum – to step up or move out. Feeling the pull from his friends and the push from his mom, Isaiah is hired by Moore Fitness, unaware of how the owner will personally impact his life. With the prayers of his mother and unexpected guidance from his new mentor, Isaiah is forced to deal with his past, sacrifice his selfishness and discover how God might have a greater purpose for his life.","18, 10751",5.2983,8.218,/oranxontIQRmhuyQlkoAwxpeBYz.jpg,/18X5mXS1SpQy5rygEcpbmzUdkVP.jpg,2024-08-22,movie,2026-02-15 23:40:52.227388
1160164,TAYLOR SWIFT | THE ERAS TOUR,"A concert film documenting Taylor Swift's record-breaking Eras Tour (2023-2024). Filmed during the Los Angeles shows, the film captures the tour's ten acts, each representing a different musical era from Swift's career. The film showcases over 40 songs, elaborate stage productions, and Swift's performance.",10402,5.4537,8.2,/jf3YO8hOqGHCupsREf5qymYq1n.jpg,/wVJG3u5Ru9tInxYiTCrJr4MpJ7Z.jpg,2023-10-13,movie,2026-02-15 23:40:52.227388
508965,Klaus,"A selfish postman and a reclusive toymaker form an unlikely friendship, delivering joy to a cold, dark town that desperately needs it.","16, 10751, 12, 35, 14",6.4339,8.224,/q125RHUDgR4gjwh1QkfYuJLYkL.jpg,/cYQvXNPZLow73lhspVQ7CYlT3Mi.jpg,2019-11-08,movie,2026-02-15 23:40:52.227388
92060,Michael Jackson's Thriller,"A night at the movies turns terrifying when Michael and his date are attacked by zombies. Released at the height of Thriller’s success, the short film redefined the music video, broke racial barriers, and became the first inducted into the U.S. National Film Registry.","27, 53, 10402",2.1169,8.223,/dYHGoPMkZMVuBA4EydmDQMo1EEv.jpg,/aVefEnQsfNPUrgsuMszTDt165P0.jpg,1983-11-14,movie,2026-02-15 23:40:52.227388
490132,Green Book,"Tony Lip, a bouncer in 1962, is hired to drive pianist Don Shirley on a tour through the Deep South in the days when African Americans, forced to find alternate accommodations and services due to segregation laws below the Mason-Dixon Line, relied on a guide called The Negro Motorist Green Book.","18, 35, 36",11.8326,8.222,/7BsvSuDQuoqhWmU2fL7W2GOcZHU.jpg,/5En0fmDagt3Pk8d7P3uTwfeQceg.jpg,2018-11-16,movie,2026-02-15 23:40:52.227388
527641,Five Feet Apart,"Seventeen-year-old Stella spends most of her time in the hospital as a cystic fibrosis patient. Her life is full of routines, boundaries and self-control — all of which get put to the test when she meets Will, an impossibly charming teen who has the same illness. There's an instant flirtation, though restrictions dictate that they must maintain a safe distance between them. As their connection intensifies, so does the temptation to throw the rules out the window and embrace that attraction.","10749, 18",5.5114,8.221,/kreTuJBkUjVWePRfhHZuYfhNE1T.jpg,/27ZkYMWynuK2qiDP6awc3MsCaOs.jpg,2019-03-14,movie,2026-02-15 23:40:52.227388
840464,Greenland 2: Migration,"Having found the safety of the Greenland bunker after the comet Clarke decimated the Earth, the Garrity family must now risk everything to embark on a perilous journey across the wasteland of Europe to find a new home.","12, 53, 878",340.8381,6.5,/z2tqCJLsw6uEJ8nJV8BsQXGa3dr.jpg,/tyjXlexbNZQ0ZT1KEJslQtBirqc.jpg,2026-01-07,movie,2026-02-15 23:40:55.624234
1315303,Primate,"Lucy, a college student, along with her friends, spend their vacation at her family's home in Hawaii, which includes her pet chimpanzee, Ben. However, when Ben contracts rabies after being bitten by a rabid animal, the group must fight for their lives in order to avoid the now-violent chimp.","27, 53",250.6141,6.6,/57cyAMc9c8iveudogTRuDOQjujn.jpg,/9uakM2woks0JV8HKIc4oatIVS88.jpg,2026-01-01,movie,2026-02-15 23:40:55.624234
1368166,The Housemaid,"Trying to escape her past, Millie Calloway accepts a job as a live-in housemaid for the wealthy Nina and Andrew Winchester. But what begins as a dream job quickly unravels into something far more dangerous—a sexy, seductive game of secrets, scandal, and power.","18, 9648, 53",242.6557,7.197,/mJGFduBPAzTKzOeCeTjBBOxnalB.jpg,/tNONILTe9OJz574KZWaLze4v6RC.jpg,2025-12-18,movie,2026-02-15 23:40:55.624234
1168190,The Wrecking Crew,"Estranged half-brothers Jonny and James reunite after their father's mysterious death. As they search for the truth, buried secrets reveal a conspiracy threatening to tear their family apart.","28, 35, 80, 9648",235.2281,6.854,/gbVwHl4YPSq6BcC92TQpe7qUTh6.jpg,/cz4vLJrmaV1zJlRYbxqtvLzeLWB.jpg,2026-01-28,movie,2026-02-15 23:40:55.624234
1084242,Zootopia 2,"After cracking the biggest case in Zootopia's history, rookie cops Judy Hopps and Nick Wilde find themselves on the twisting trail of a great mystery when Gary De'Snake arrives and turns the animal metropolis upside down. To crack the case, Judy and Nick must go undercover to unexpected new parts of town, where their growing partnership is tested like never before.","16, 35, 12, 10751, 9648",227.8124,7.6,/oJ7g2CifqpStmoYQyaLQgEU32qO.jpg,/7nfpkR9XsQ1lBNCXSSHxGV7Dkxe.jpg,2025-11-26,movie,2026-02-15 23:40:55.624234
1426964,State of Fear,"As São Paulo erupts in an unprecedented wave of violence, a lawyer with underworld ties must strike a deal with the police to rescue her kidnapped niece.","28, 53, 80, 18",225.4557,4.273,/3Eaqedg8MAlnP51GYY8MCSIdTnV.jpg,/1Xdsq7U7bvJJd2X7Jg4qNaKVkYO.jpg,2026-02-10,movie,2026-02-15 23:40:55.624234
1419406,The Shadow's Edge,Macau Police brings the tracking expert police officer out of retirement to help catch a dangerous group of professional thieves.,"28, 80, 18, 53",197.3242,7.203,/e0RU6KpdnrqFxDKlI3NOqN8nHL6.jpg,/zXINNssll2zsPGqd7F7Llrw7Uql.jpg,2025-08-16,movie,2026-02-15 23:40:55.624234
1317672,Love Me Love Me,"After her brother's death, June moves to Milan for a fresh start, finding comfort in Will, the perfect honor student at her new international school. But when his troubled best friend James-hiding a dangerous life in clandestine MMA fights-sparks a rivalry that quickly turns into irresistible attraction, June must choose between safety and a love that upends everything she thought she wanted.","10749, 18",196.3749,6.167,/4QWAPETLYZosiwXQCTMu1KerXxI.jpg,/o0jRpVznKXuLvoXQX9UTKVtGjxK.jpg,2026-02-12,movie,2026-02-15 23:40:55.624234
1242898,Predator: Badlands,"Cast out from his clan, a young Predator finds an unlikely ally in a damaged android and embarks on a treacherous journey in search of the ultimate adversary.","28, 878, 12",169.0532,7.731,/pHpq9yNUIo6aDoCXEBzjSolywgz.jpg,/82lM4GJ9uuNvNDOEpxFy77uv4Ak.jpg,2025-11-05,movie,2026-02-15 23:40:55.624234
1601243,Oscar Shaw,"After retiring from the police force, a relentless detective haunted by the tragic loss of his closest friend sets out on a perilous quest for vengeance, seeking redemption and fighting to restore justice to the streets he once swore to protect.","28, 80, 53",168.4517,6.4,/tsE3nySukwrfUjouz8vzvKTcXNC.jpg,/6D6M5z4reppUxo2cnBEKI02Csp1.jpg,2026-01-09,movie,2026-02-15 23:40:55.624234
1317288,Marty Supreme,"Marty Mauser, a young man with a dream no one respects, goes to hell and back in pursuit of greatness.",18,162.1375,7.61,/lYWEXbQgRTR4ZQleSXAgRbxAjvq.jpg,/bHtlDAORBQiYKCJMwDP9WBgcQHM.jpg,2025-12-19,movie,2026-02-15 23:40:55.624234
434853,Space/Time,"After a fatal test shuts down their project, a disgraced team of scientists enters the criminal underworld to rebuild a forbidden space-bending engine that could rescue humanity or annihilate it entirely.","878, 28, 53",161.3661,5.0,/uje1ecKMnNpZp0at5TxlvVgVXqI.jpg,/w1Z1I9PqTK5UjG6RVAFXLCjp1Sw.jpg,2025-05-01,movie,2026-02-15 23:40:55.624234
1316092,“Wuthering Heights”,"Tragedy strikes when Heathcliff falls in love with Catherine Earnshaw, a woman from a wealthy family in 18th-century England.","10749, 18",155.6359,6.8,/3YBce6dTh1D5oCMITXk2S5QhPt.jpg,/oGAYQOhfuXMh9Cpp4LNfzI5uDS3.jpg,2026-02-11,movie,2026-02-15 23:40:55.624234
83533,Avatar: Fire and Ash,"In the wake of the devastating war against the RDA and the loss of their eldest son, Jake Sully and Neytiri face a new threat on Pandora: the Ash People, a violent and power-hungry Na'vi tribe led by the ruthless Varang. Jake's family must fight for their survival and the future of Pandora in a conflict that pushes them to their emotional and physical limits.","878, 12, 14",135.5176,7.3,/bRBeSHfGHwkEpImlhxPmOcUsaeg.jpg,/sdZSjtGUTSN8B3al5o0f2WoQfQQ.jpg,2025-12-17,movie,2026-02-15 23:40:55.624234
755898,War of the Worlds,"Will Radford is a top analyst for Homeland Security who tracks potential threats through a mass surveillance program, until one day an attack by an unknown entity leads him to question whether the government is hiding something from him... and from the rest of the world.","878, 53",123.7033,4.221,/yvirUYrva23IudARHn3mMGVxWqM.jpg,/iZLqwEwUViJdSkGVjePGhxYzbDb.jpg,2025-07-29,movie,2026-02-15 23:40:55.624234
1310568,Murder at the Embassy,"1934. Private detective Miranda Green investigates a murder perpetrated in the British Embassy in Cairo, where a top secret document was stolen, risking to jeopardize both Buckingham Palace and the peace of the world. All those present in this closed place are suspected: the American photographer, the English student, the American actress, the Egyptian security guard, the ambassador interpreter, the Egyptian gardener and - why not? — the Ambassador himself. But who would have expected that a small group of Nazis would be behind a plot, risking to jeopardize both Buckingham Palace and the peace of the world?","9648, 53, 28",115.3572,5.7,/3DBmBItPdy0A2ol59jgHhS54Lua.jpg,/gLXibzLQ4qegvjdqDC0f8yTij2P.jpg,2025-11-14,movie,2026-02-15 23:40:55.624234
1584215,The Internship,"A CIA-trained assassin recruits other graduates from her secret childhood program, The Internship, to violently destroy the organization. The CIA fights back with deadly force.",28,110.5194,6.233,/fYqSOkix4rbDiZW0ACNnvZCpT6X.jpg,/eUERZRVjCTNdgnESlQxyaOJ2d4K.jpg,2026-01-13,movie,2026-02-15 23:40:55.624234
1271895,96 Minutes,"Former bomb disposal expert, Song Kang-Ren, and his fiancée, Huang Xin, board a high-speed train that contains a bomb. At the same time, Liu Kai, a well-known physics teacher who was involved in an affair scandal, also boards this same train in order to win back his wife, Ting Juan, who took the prior high-speed rail to return home in frustration…  After all, can the bomb be successfully defused this time? and resolve the crisis?","28, 80, 10749",102.9368,5.796,/gWKZ1iLhukvLoh8XY2N4tMvRQ2M.jpg,/lAtuFCx6cYkNBmTMSNnLE0qlCLx.jpg,2025-09-05,movie,2026-02-15 23:40:55.624234
1306368,The Rip,"Trust frays when a team of Miami cops discovers millions in cash inside a run-down stash house, calling everyone — and everything — into question.","28, 53, 80",95.4009,7.1,/eZo31Dhl5BQ6GfbMNf3oU0tUvPZ.jpg,/3F2EXWF1thX0BdrVaKvnm6mAhqh.jpg,2026-01-13,movie,2026-02-15 23:40:55.624234
1171145,Crime 101,"An elusive thief, eyeing his final score, encounters a disillusioned insurance broker at her own crossroads. As their paths intertwine, a relentless detective trails them hoping to thwart the multi-million dollar heist they are planning.","80, 53",91.1549,7.7,/2HoR2x23bqKpopluoBD1FH3tBi7.jpg,/yWZc7ZglTAecVLKHS0oROuetKce.jpg,2026-02-11,movie,2026-02-15 23:40:55.624234
1297842,GOAT,"Will, a small goat with big dreams, gets a once-in-a-lifetime shot to join the pros and play roarball – a high-intensity, co-ed, full-contact sport dominated by the fastest, fiercest animals in the world. Will's new teammates aren't thrilled about having a little goat on their roster, but Will is determined to revolutionize the sport and prove once and for all that 'smalls can ball'!","16, 35, 10751, 28",87.5884,7.105,/wfuqMlaExcoYiUEvKfVpUTt1v4u.jpg,/1qwhYqg7YEZajh3Q4biqbuQoDq8.jpg,2026-02-11,movie,2026-02-15 23:40:55.624234
1234731,Anaconda,"A group of friends facing mid-life crises head to the rainforest with the intention of remaking their favorite movie from their youth, only to find themselves in a fight for their lives against natural disasters, giant snakes and violent criminals.","12, 35, 27",87.4857,5.816,/qxMv3HwAB3XPuwNLMhVRg795Ktp.jpg,/swxhEJsAWms6X1fDZ4HdbvYBSf9.jpg,2025-12-24,movie,2026-02-15 23:40:55.624234
1503900,Die'ced: Reloaded,"Benny escapes an asylum on Halloween, masked as a scarecrow and hungry for blood. In 1980s Seattle, the hunt is on - and no one is safe.","27, 53",85.8625,4.0,/haFDZfpKszHq7DXvuQd5Zz7shQW.jpg,/ez8EB8pWGZYDWx9OEVqDR5r9hQc.jpg,2025-08-08,movie,2026-02-15 23:40:55.624234
1043197,Dust Bunny,"Ten-year-old Aurora asks her hitman neighbor to kill the monster under her bed that she claims ate her family. To protect her, he must battle an onslaught of assassins while accepting that some monsters are real.","14, 28, 53",85.0571,6.679,/vobigFZFvbYPf6ElYJu07P9rH8C.jpg,/AecGG1XVCmkk7fT10ko3FC0dLIP.jpg,2025-12-11,movie,2026-02-15 23:40:55.624234
1167307,David,"From the songs of his mother’s heart to the whispers of a faithful God, David’s story begins in quiet devotion. When the giant Goliath rises to terrorize a nation, a young shepherd armed with only a sling, a few stones, and unshakable faith steps forward. Pursued by power and driven by purpose, his journey tests the limits of loyalty, love, and courage—culminating in a battle not just for a crown, but for the soul of a kingdom.","16, 10751, 18",83.7794,8.089,/bESlrLOrsQ9gKzaGQGHXKOyIUtX.jpg,/oN4TQ1TxchynXlFiXFBL3NHLT54.jpg,2025-12-14,movie,2026-02-15 23:40:55.624234
858024,Hamnet,"The powerful story of love and loss that inspired the creation of Shakespeare's timeless masterpiece, Hamlet.","18, 10749, 36",82.4111,7.761,/vbeyOZm2bvBXcbgPD3v6o94epPX.jpg,/73BClq9FOcrWrutnpiqhCNEWEwJ.jpg,2025-11-26,movie,2026-02-15 23:40:55.624234
19995,Avatar,"In the 22nd century, a paraplegic Marine is dispatched to the moon Pandora on a unique mission, but becomes torn between following orders and protecting an alien civilization.","28, 12, 14, 878",81.8847,7.599,/gKY6q7SjCkAU6FqvqWybDYgUKIF.jpg,/vL5LR6WdxWPjLPFRLe133jXWsh5.jpg,2009-12-16,movie,2026-02-15 23:40:55.624234
1311031,Demon Slayer: Kimetsu no Yaiba Infinity Castle,"The Demon Slayer Corps are drawn into the Infinity Castle, where Tanjiro, Nezuko, and the Hashira face terrifying Upper Rank demons in a desperate fight as the final battle against Muzan Kibutsuji begins.","16, 28, 14",81.0113,7.691,/fWVSwgjpT2D78VUh6X8UBd2rorW.jpg,/lNYympQM5O6QSInusbyG9eJDIe4.jpg,2025-07-18,movie,2026-02-15 23:40:55.624234
1373198,Twisted,Two millennials make quick money by leasing incredible New York City apartments they don’t own to people who don’t know they are being scammed. The con works brilliantly until they run into an apartment owner with a dark secret who flips the game on them.,"27, 53",78.0409,4.3,/rF6txsM6cgF9vg6Ra5sNbkvUwrw.jpg,/qg6wGnkBhCcsGfNz1eGtPMtKGDs.jpg,2026-02-06,movie,2026-02-15 23:40:55.624234
1528660,Holy Ghost,"A kidnapped girl in Augusta claims her rescuer was Jim, a deceased cop. Detective Wells probes the case as another child vanishes, revealing old murders and raising questions about a ghostly presence.","27, 9648, 53",75.2676,6.286,/z1lwn6GWAjJ7CSn80ZcURb0Cj4G.jpg,/eTodr0PX3fIDM4VFKJakpPGMZbp.jpg,2025-08-11,movie,2026-02-15 23:40:55.624234
425274,Now You See Me: Now You Don't,"The original Four Horsemen reunite with a new generation of illusionists to take on powerful diamond heiress Veronika Vanderberg, who leads a criminal empire built on money laundering and trafficking. The new and old magicians must overcome their differences to work together on their most ambitious heist yet.","53, 80, 9648",69.5051,6.541,/oD3Eey4e4Z259XLm3eD3WGcoJAh.jpg,/dHSz0tSFuO2CsXJ1CApSauP9Ncl.jpg,2025-11-12,movie,2026-02-15 23:40:55.624234
1243460,Joe's College Road Trip,"To teach his sheltered grandson about the real world, Madea's foul-mouthed brother Joe takes the college-bound teen on a raucous cross-country road trip.",35,69.1026,4.4,/jWGOCUlzF4aCVLwHoiuqWWfhcrA.jpg,/dbr3eceKuGnKc9v5GaVTVtegZNK.jpg,2026-02-12,movie,2026-02-15 23:40:55.624234
1198994,Send Help,"Two colleagues become stranded on a deserted island, the only survivors of a plane crash. On the island, they must overcome past grievances and work together to survive, but ultimately, it's a battle of wills and wits to make it out alive.","27, 53, 35",69.0692,7.043,/mlV70IuchLZXcXKowjwSpSfdfUB.jpg,/eyvIBnJSxZDyek4s7YytUNmtstR.jpg,2026-01-22,movie,2026-02-15 23:40:55.624234
1198984,We Bury the Dead,"After a catastrophic military disaster, the dead don't just rise—they hunt. The military insists they are harmless and slow-moving, offering hope to grieving families. But when Ava enters a quarantine zone searching for her missing husband, she uncovers the horrifying truth: the undead are growing more violent, more relentless, and more dangerous with every passing hour.","27, 53",68.2593,6.213,/xZqo0yPARmyF8TACVNyaOACkYWG.jpg,/vbkW4KerpshPZnP84w9qwSfYrhu.jpg,2026-01-01,movie,2026-02-15 23:40:55.624234
1242501,Icefall,"A young Indigenous game warden arrests an infamous poacher only to discover that the poacher knows the location of a plane carrying millions of dollars that has crashed in a frozen lake. When a group of criminals and dirty cops are alerted to the poacher’s whereabouts, the warden and the poacher team up to fight back and escape across the treacherous lake before the ice melts.","28, 80, 53",66.399,6.4,/5Byv6nznAb2Izd0gHpODOXnuSbo.jpg,/gQimJqYMKCkwHIo8wwYKhmnCfBr.jpg,2025-10-16,movie,2026-02-15 23:40:55.624234
1290821,Shelter,"A man living in self-imposed exile on a remote island rescues a young girl from a violent storm, setting off a chain of events that forces him out of seclusion to protect her from enemies tied to his past.","28, 80, 53",64.3196,7.605,/903mfuYcAEC20o52mxOMAkCCS3M.jpg,/nHxWyy18SvAZ8jJeemtS8k1UNjM.jpg,2026-01-28,movie,2026-02-15 23:40:55.624234
991494,The SpongeBob Movie: Search for SquarePants,"Desperate to be a big guy, SpongeBob sets out to prove his bravery to Mr. Krabs by following The Flying Dutchman – a mysterious swashbuckling ghost pirate – on a seafaring adventure that takes him to the deepest depths of the deep sea, where no Sponge has gone before.","16, 10751, 35, 12, 14",63.5265,6.728,/pDWYW9v8fmJdA7N0I1MOdQA3ETq.jpg,/gbjK8p5S1aLXWCwOoXqr9aWZvqG.jpg,2025-12-16,movie,2026-02-15 23:40:55.624234
1194388,The Shadow,"Juhan Liiv, a struggling poet and an unlikely detective, solves gruesome murder cases in Estonia, the Wild West of the crumbling Russian Empire in the 1890s. Investigations take him to miserable dwellings of the local Estonian peasants, luxurious castles of German nobility that have sworn allegiance to the Czar, and to the depths of ancient forests where witchcraft is still practiced. Juhan is fighting crime and his own inner demons. He is considered mad and pronounced crazy. But by standing for justice and truth, at the end of the day, he is the sanest of them all.","80, 53, 27, 9648",59.7007,0.0,/3MAPtbKtRdndw2HhnoR7fxBhSFN.jpg,/cJEfGBcVQElkQwD6nop9AcZy8X.jpg,2024-10-18,movie,2026-02-15 23:40:55.624234
24428,The Avengers,"When an unexpected enemy emerges and threatens global safety and security, Nick Fury, director of the international peacekeeping agency known as S.H.I.E.L.D., finds himself in need of a team to pull the world back from the brink of disaster. Spanning the globe, a daring recruitment effort begins!","878, 28, 12",59.6919,7.941,/RYMX2wcKCBAr24UyPD7xwmjaTn.jpg,/9BBTo63ANSmhC4e6r62OJFuK2GL.jpg,2012-04-25,movie,2026-02-15 23:40:55.624234
261930,Traveling Husbands,A salesman gets in trouble with a party girl and a debutante in Detroit.,"35, 80",51.6719,4.0,/51CPcDcqIbDI6QB9jSZRv4DDCWV.jpg,/azngdzPQWI3WukfR7j6WosrhT03.jpg,1931-08-15,movie,2026-02-15 23:40:55.624234
1119449,"Good Luck, Have Fun, Don't Die",A man claiming to be from the future takes the patrons of an iconic Los Angeles diner hostage in search of unlikely recruits in a quest to save the world.,"878, 28, 12, 35",51.2756,8.0,/rWcfOdY7TU6lTdazWj0ebDZnAfO.jpg,/yjOSpDQe8tzr8easpjTFVoQXsOX.jpg,2026-02-13,movie,2026-02-15 23:40:55.624234
1252037,The Tank,"A German Tiger tank crew is sent on a dangerous mission to rescue the missing officer Paul von Hardenburg from a top-secret bunker behind enemy lines. As they make their way through the lethal no-man's land, they must confront not only the enemy, but also their own fears and inner demons. Fueled by the Wehrmacht's methamphetamine, their mission increasingly becomes a journey into the heart of darkness.","10752, 28, 18",52.1193,7.1,/65Jr1JAgWlu9em8zHhAfrNJJQBt.jpg,/vMxOmgmBGegjVObjlb8ugsjGgkD.jpg,2025-09-18,movie,2026-02-15 23:40:55.624234
1408208,Exit 8,"A man trapped in an endless sterile subway passageway sets out to find Exit 8. The rules of his quest are simple: do not overlook anything out of the ordinary. If you discover an anomaly, turn back immediately. If you don’t, carry on. Then leave from Exit 8. But even a single oversight will send him back to the beginning. Will he ever reach his goal and escape this infinite corridor?","27, 9648",50.7896,6.341,/cWHmaDXnRPAC9HBbjUBfJW7MxO0.jpg,/3cVrg7tzSf5AgEecYWDOSAzXAeX.jpg,2025-08-28,movie,2026-02-15 23:40:55.624234
1563506,Salvation,"A foster child bonds with a snake-handling Pentecostal community but uncovers sinister truths. She must choose between reporting pastor's crimes or preserving her newfound support system, risking personal safety for a sense of belonging.","27, 53",53.0879,6.5,/k0ux5SqOmCR7b4MUHJL5vY2jNjf.jpg,/xL5eX4090b5TCfKy5wNJdAC0rZz.jpg,2025-08-19,movie,2026-02-15 23:40:55.624234
22949,Old Dogs,"Charlie and Dan have been best friends and business partners for thirty years; their Manhattan public relations firm is on the verge of a huge business deal with a Japanese company. With two weeks to sew up the contract, Dan gets a surprise: a woman he married on a drunken impulse nearly nine years before (annulled the next day) shows up to tell him he's the father of her twins, now seven, and she'll be in jail for 14 days for a political protest. Dan volunteers to keep the tykes, although he's uptight and clueless. With Charlie's help is there any way they can be dad and uncle, meet the kids' expectations, and still land the account?","35, 10751",46.4808,5.5,/u056hk3at4ukf9DWASVjogXyZfn.jpg,/EWqsvSabOaPW6BUQlb8O868mKw.jpg,2009-11-24,movie,2026-02-15 23:40:55.624234
1246049,Dracula,"In late 15th-century Eastern Europe, Prince Vlad II’s bride is brutally murdered. As a result, he renounces God and damns Heaven itself. Cursed with eternal life, Vlad is reborn as Dracula, an immortal warlord who defies fate in a blood-soaked crusade to wrench his lost love back from death.","27, 14, 10749",48.1817,7.152,/libhghrUSBSEdHgF9uP1SQES0nQ.jpg,/be5SIsRGMckO8tU9lrLcIik70Dy.jpg,2025-07-30,movie,2026-02-15 23:40:55.624234
1212742,The Rule of Jenny Pen,"Confined to a secluded rest home and trapped within his stroke-ridden body, a former Judge must stop an elderly psychopath who employs a child's puppet to abuse the home's residents with deadly consequences.","27, 53",39.7082,6.004,/5vqK1wbrgmUvqHn6yPt9b6qT9iL.jpg,/eftVUg9R1lys3wT8kHJqMaK64m7.jpg,2025-03-07,movie,2026-02-15 23:40:55.624234
7451,xXx,"Xander Cage is your standard adrenaline junkie with no fear and a lousy attitude. When the US Government ""recruits"" him to go on a mission, he's not exactly thrilled. His mission: to gather information on an organization that may just be planning the destruction of the world, led by the nihilistic Yorgi.","28, 12, 53, 80, 18",43.8934,5.978,/xeEw3eLeSFmJgXZzmF2Efww0q3s.jpg,/2OHa6ukEq3Hce7Pc2kvu8wkmMFY.jpg,2002-08-09,movie,2026-02-15 23:40:55.624234
1266990,Kulong,"Three friends retreat to a resort to collaborate on a daring screenplay for a contest. Faced with the challenge of writing about passion despite their own dry spells, their journey soon blurs the line between imagination and experience.",18,48.5786,6.9,/AnzrE2WHg3DtZrtmB9AnEbAh17m.jpg,/mBc6RB7VajfykLqGx0ue7qatXky.jpg,2024-05-24,movie,2026-02-15 23:40:55.624234
157336,Interstellar,The adventures of a group of explorers who make use of a newly discovered wormhole to surpass the limitations on human space travel and conquer the vast distances involved in an interstellar voyage.,"12, 18, 878",46.8378,8.467,/gEU2QniE6E77NI6lCU6MxlNBvIx.jpg,/5XNQBqnBwPA9yT0jZ0p3s8bbLh0.jpg,2014-11-05,movie,2026-02-15 23:40:55.624234
1254754,Who Wants to Marry an Astronaut?,"David is a dopey hopeless romantic with a hippy mother and a best friend who also works for him. After fifteen years of living together, on an impulse, he decides to ask his partner to marry him in Las Vegas. His anticipation for the dream wedding and trip is crushed when his partner answers ‘No’. David decides to power through with his plans and now he has ten days to find the knight in shining armor that will marry him in Las Vegas.","35, 10749",47.5387,6.4,/8kyqyI6mQmIVdLPRvIaFskVIcQW.jpg,/q2tUReeNgsYTs7tIJ98I4450QeM.jpg,2025-06-26,movie,2026-02-15 23:40:55.624234
575265,Mission: Impossible - The Final Reckoning,"Ethan Hunt and team continue their search for the terrifying AI known as the Entity — which has infiltrated intelligence networks all over the globe — with the world's governments and a mysterious ghost from Hunt's past on their trail. Joined by new allies and armed with the means to shut the Entity down for good, Hunt is in a race against time to prevent the world as we know it from changing forever.","28, 53, 12",44.0381,7.192,/z53D72EAOxGRqdr7KXXWp9dJiDe.jpg,/538U9snNc2fpnOmYXAPUh3zn31H.jpg,2025-05-17,movie,2026-02-15 23:40:55.624234
803796,KPop Demon Hunters,"When K-pop superstars Rumi, Mira and Zoey aren't selling out stadiums, they're using their secret powers to protect their fans from supernatural threats.","14, 10402, 35, 16",46.208,8.098,/zT7Lhw3BhJbMkRqm9Zlx2YGMsY0.jpg,/w3Bi0wygeFQctn6AqFTwhGNXRwL.jpg,2025-06-20,movie,2026-02-15 23:40:55.624234
1454741,The Confession,"A woman finds her late father’s tape confessing to murder tied to an evil force—now her son shows the same darkness, and she must fight to stop it.",27,40.8243,5.591,/7tmMQwSVVbijKV4lquYpBld3P9K.jpg,/lALfCsv7YMNrqpWzIaxjS81JKOm.jpg,2026-01-08,movie,2026-02-15 23:40:55.624234
1054867,One Battle After Another,"Washed-up revolutionary Bob exists in a state of stoned paranoia, surviving off-grid with his spirited, self-reliant daughter, Willa. When his evil nemesis resurfaces after 16 years and she goes missing, the former radical scrambles to find her, father and daughter both battling the consequences of his past.","53, 80, 28",43.1213,7.424,/lbBWwxBht4JFP5PsuJ5onpMqugW.jpg,/gre7gyocZSuwd7M51CGlqsJqBmB.jpg,2025-09-23,movie,2026-02-15 23:40:55.624234
628847,Trap House,"An undercover DEA agent and his partner embark on a game of cat and mouse with an audacious, and surprising group of thieves - their own rebellious teenagers, who have begun robbing from a dangerous cartel, using their parents' tactics and top-secret intel to do it.","28, 80, 53",43.6057,6.573,/6tpAPeuuqbVnYWWPoOLEDLSBU7a.jpg,/oIJjO1CvEdTMFNkWfHaV0RB584G.jpg,2025-11-14,movie,2026-02-15 23:40:55.624234
1326878,Strangers,"Seeking revenge on her abusive husband, a woman's life takes a dark turn when she meets a mysterious hitman. Drawn into a whirlwind romance, she spirals into a dangerous vigilante spree. As the body count rises, she begins to unravel the true nature of her partner and the secrets they both conceal.","28, 53, 80",40.5913,5.783,/v6hYeC1asK2ZRU7Ygukn4tV1zlS.jpg,/xGbNoh7aWmU81oYuxJoFI07Rz5I.jpg,2024-08-16,movie,2026-02-15 23:40:55.624234
1364904,A Useful Ghost,"After dying from a respiratory disease, a mother's spirit possesses a vacuum cleaner to protect her husband when he begins showing the same symptoms.","35, 18, 14",43.7079,6.9,/2PteNeb8LYFtZP7eowANUXs9feC.jpg,/ceTxx1kqdygf9mBvVOT9oE1OCil.jpg,2025-08-27,movie,2026-02-15 23:40:55.624234
1062722,Frankenstein,"Dr. Victor Frankenstein, a brilliant but egotistical scientist, brings a creature to life in a monstrous experiment that ultimately leads to the undoing of both the creator and his tragic creation.","18, 14, 27",37.3977,7.676,/g4JtvGlQO7DByTI6frUobqvSL3R.jpg,/ceyakefyCRAgyeFhefa2bz6d9QO.jpg,2025-10-17,movie,2026-02-15 23:40:55.624234
1511417,Bāhubali: The Epic,"When a mysterious child is found by a tribal couple near a roaring waterfall, they raise him as their own. As he grows, Sivudu is drawn to the world beyond the cliffs, where he discovers the ancient kingdom of Mahishmati, ruled by a cruel tyrant, haunted by rebellion, and bound to his past. What begins as a quest for love soon unravels a legacy of betrayal, sacrifice, and a forgotten prince.","28, 18",47.4329,6.0,/z9YIo2qscyaXYgRqIdRJtND3bw8.jpg,/wCwZ4ljSsWyZyTiyk1tGQtBHTDx.jpg,2025-10-29,movie,2026-02-15 23:40:55.624234
1212742,The Rule of Jenny Pen,"Confined to a secluded rest home and trapped within his stroke-ridden body, a former Judge must stop an elderly psychopath who employs a child's puppet to abuse the home's residents with deadly consequences.","27, 53",39.7082,6.004,/5vqK1wbrgmUvqHn6yPt9b6qT9iL.jpg,/eftVUg9R1lys3wT8kHJqMaK64m7.jpg,2025-03-07,movie,2026-02-15 23:40:55.624234
1466115,Even If This Love Disappears Tonight,"A high school girl wakes up each day with no memory of yesterday. When she agrees to date a shy classmate, can their love grow with every new beginning?","10749, 18",38.7126,8.057,/5eNN8KLDPUXDqIkTdCbmn1gx5P7.jpg,/iL5eGI9ctHdUOV4yG6dyGKctSEX.jpg,2025-12-24,movie,2026-02-15 23:40:55.624234
269149,Zootopia,"Determined to prove herself, Officer Judy Hopps, the first bunny on Zootopia's police force, jumps at the chance to crack her first case - even if it means partnering with scam-artist fox Nick Wilde to solve the mystery.","16, 12, 10751, 35",38.6544,7.759,/hlK0e0wAQ3VLuJcsfIYPvb4JVud.jpg,/9tOkjBEiiGcaClgJFtwocStZvIT.jpg,2016-02-11,movie,2026-02-15 23:40:55.624234
1223601,Sisu: Road to Revenge,"Returning to the house where his family was brutally murdered during the war, ""the man who refuses to die"" dismantles it, loads it on a truck, and is determined to rebuild it somewhere safe in their honor. When the commander who killed his family comes back hellbent on finishing the job, a relentless, eye-popping cross-country chase ensues.","28, 10752",37.4937,7.392,/jNsttCWZyPtW66MjhUozBzVsRb7.jpg,/yCatt8lmp3oRFEcOZF8KHhsiASQ.jpg,2025-10-21,movie,2026-02-15 23:40:55.624234
1062722,Frankenstein,"Dr. Victor Frankenstein, a brilliant but egotistical scientist, brings a creature to life in a monstrous experiment that ultimately leads to the undoing of both the creator and his tragic creation.","18, 14, 27",37.3977,7.675,/g4JtvGlQO7DByTI6frUobqvSL3R.jpg,/ceyakefyCRAgyeFhefa2bz6d9QO.jpg,2025-10-17,movie,2026-02-15 23:40:55.624234
1061474,Superman,"Superman, a journalist in Metropolis, embarks on a journey to reconcile his Kryptonian heritage with his human upbringing as Clark Kent.","878, 12, 28",36.5806,7.369,/wPLysNDLffQLOVebZQCbXJEv6E6.jpg,/aJDLz1748CIMZkCkyISYe5Hl6I7.jpg,2025-07-09,movie,2026-02-15 23:40:55.624234
1116201,Iron Lung,"The stars are gone. The planets have disappeared. Only individuals aboard space stations or starships were left to give the end a name -- The Quiet Rapture. After decades of decay and crumbling infrastructure, the Consolidation of Iron has made a discovery on a barren moon designated AT-5. An ocean of blood. Hoping to discover desperately needed resources they immediately launch an expedition. A submarine is crafted and a convict is welded inside. Due to the pressure and depth of the ocean the forward viewport has been encased in metal. If successful, they will earn their freedom. If not, another will follow. This will be the 13th expedition.","27, 878, 9648",36.4423,7.359,/sIwakdbMGS1krtgendTWpxTY9Hw.jpg,/gqGQ0zADV5FIcgMWtWX8FcGQjFp.jpg,2026-01-30,movie,2026-02-15 23:40:55.624234
238,The Godfather,"Spanning the years 1945 to 1955, a chronicle of the fictional Italian-American Corleone crime family. When organized crime family patriarch, Vito Corleone barely survives an attempt on his life, his youngest son, Michael steps in to take care of the would-be killers, launching a campaign of bloody revenge.","18, 80",36.4215,8.687,/3bhkrj58Vtu7enYsRolD1fZdja1.jpg,/tSPT36ZKlP2WVHJLM4cQPLSzv3b.jpg,1972-03-14,movie,2026-02-15 23:40:55.624234
299536,Avengers: Infinity War,"As the Avengers and their allies have continued to protect the world from threats too large for any one hero to handle, a new danger has emerged from the cosmic shadows: Thanos. A despot of intergalactic infamy, his goal is to collect all six Infinity Stones, artifacts of unimaginable power, and use them to inflict his twisted will on all of reality. Everything the Avengers have fought for has led up to this moment - the fate of Earth and existence itself has never been more uncertain.","12, 28, 878",36.2791,8.235,/7WsyChQLEftFiDOVTGkv3hFpyyt.jpg,/mDfJG3LC3Dqb67AZ52x3Z0jU0uB.jpg,2018-04-25,movie,2026-02-15 23:40:55.624234
1196067,Worldbreaker,"Five years ago, a tear in the fabric of reality brought creatures to our world from an alternate dimension bent on our destruction. A father hides his daughter on an island to keep her safe while he prepares her for survival and the battles to come. But when the world is about to break, no place is safe.","878, 28, 27",35.9819,6.135,/7K8w6mdrJp0oaSoKWGyjSZ4Zv2z.jpg,/4mZ06VpfpAPuaUPn1SEV0brbbxe.jpg,2025-10-30,movie,2026-02-15 23:40:55.624234
150,48 Hrs.,"A hard-nosed cop reluctantly teams up with a wise-cracking criminal temporarily paroled to him, in order to track down a killer.","80, 28, 35",35.9732,6.7,/rvvjXHzEDBIvIVDBHNOwHS7hVPu.jpg,/xQTSGz5dvIAYFssPWhD160AcR7Z.jpg,1982-12-07,movie,2026-02-15 23:40:55.624234
1433680,The Dinner,"Spain, April 15, 1939. With the Civil War concluded, and with the intention of celebrating his victory, General Franco attends a dinner with his generals at the Palace Hotel.","35, 36",35.8495,7.0,/8Ct1yY0ClGwgQpnsipRcaFC27xF.jpg,/9C10gUV5uR1UZtvGs8uQtb6xi7Z.jpg,2025-10-17,movie,2026-02-15 23:40:55.624234
634649,Spider-Man: No Way Home,"Peter Parker is unmasked and no longer able to separate his normal life from the high-stakes of being a super-hero. When he asks for help from Doctor Strange the stakes become even more dangerous, forcing him to discover what it truly means to be Spider-Man.","28, 12, 878",35.6277,7.933,/1g0dhYtq4irTY1GPXvft6k4YLjm.jpg,/nqUThBjou0TAWXu93Q4SNFpgqai.jpg,2021-12-15,movie,2026-02-15 23:40:55.624234
76600,Avatar: The Way of Water,"Set more than a decade after the events of the first film, learn the story of the Sully family (Jake, Neytiri, and their kids), the trouble that follows them, the lengths they go to keep each other safe, the battles they fight to stay alive, and the tragedies they endure.","28, 12, 878",34.8767,7.598,/t6HIqrRAclMCA60NsSmeqe9RmNV.jpg,/cd8YDn7M0lfaHhZdU6MvCDxPalP.jpg,2022-12-14,movie,2026-02-15 23:40:55.624234
1412598,Killer Whale,Follows best friends Maddie and Trish as they find themselves trapped in a remote lagoon with the dangerous killer whale named Ceto.,"53, 27, 28, 9648, 878",34.8288,5.864,/xC6zdIoIHjhOIFmjNyGgtzhuhiF.jpg,/ykigHs1OIyqqV04zfFqIlSHp546.jpg,2026-01-16,movie,2026-02-15 23:40:55.624234
1131759,Omniscient Reader: The Prophecy,"Kim Dok-ja, an ordinary man in his 20s, is the only reader of an obscure web novel titled ""Three Ways to Survive the Apocalypse"". After having read the last chapter, the novel suddenly becomes reality, and its omnipotent hero Yu Jung-hyeok appears before Kim. As the only person who knows how to survive in this world, Kim and his companions strive to save the world by writing his own, new ending.","28, 12, 14",34.6624,6.648,/3R3dXO2nm8JyR5NG7SEfii7RzlV.jpg,/mZGsJUzQ4dONUBccxhImBqxaSQt.jpg,2025-07-23,movie,2026-02-15 23:40:55.624234
1228246,Five Nights at Freddy's 2,"One year since the supernatural nightmare at Freddy Fazbear's Pizza, the stories about what transpired there have been twisted into a campy local legend, inspiring the town's first ever Fazfest. With the truth kept from her, Abby sneaks out to reconnect with Freddy, Bonnie, Chica, and Foxy, setting into motion a terrifying series of events that will reveal dark secrets about the real origin of Freddy's, and unleash a decades-hidden horror.","27, 53",34.5824,6.701,/udAxQEORq2I5wxI97N2TEqdhzBE.jpg,/54BOXpX2ieTXMDzHymdDMnUIzYG.jpg,2025-12-03,movie,2026-02-15 23:40:55.624234
575466,The Hidebehind,"Lost deep in the forest, a lone backpacker encounters a peculiar stranger.",27,34.4828,6.1,/wrvCz8jo5eOaA9W3CvrCxPNtZS4.jpg,/AgQJVTaZY2Oh30bbosZtXfwsQAn.jpg,2018-10-12,movie,2026-02-15 23:40:55.624234
982843,The Great Flood,"When a raging flood traps a researcher and her young son, a call to a crucial mission puts their escape — and the future of humanity — on the line.","878, 12, 18",34.451,6.0,/1tUOZQDgZaGqZtrB21MieiXARL2.jpg,/8vLt9TYFZdAwYtqImvggTM5yFnF.jpg,2025-09-18,movie,2026-02-15 23:40:55.624234
1097046,"Baby Boy, Baby Girl","Josie is a failed startup businesswoman, who is struggling with no permanent job. Ever since she saw her ex-boyfriend Seb escorting a politician and broke up with him three years ago, Josie remains single. Seb, on the other hand, becomes more sophisticated from earning handsomely through Sugar Dating. Josie learns about Seb’s success, prompting her to ask Seb to groom her for Sugar Dating. Once Josie gets a grasp on the work, she will be good at what she does and will not struggle financially anymore. At the same time, Seb’s feelings for her start coming back, but Josie now sees love differently. She thinks that love should only be transactional. It does not help that Josie can’t forget the time when Seb broke her heart.",18,34.4234,2.5,/cTi6t2F7i5MjhqRIEBjav6GJLfa.jpg,/5pP3kpWWPJrtIafL0o5lxOova7N.jpg,2023-03-22,movie,2026-02-15 23:40:55.624234
1234821,Jurassic World Rebirth,"Five years after the events of Jurassic World Dominion, covert operations expert Zora Bennett is contracted to lead a skilled team on a top-secret mission to secure genetic material from the world's three most massive dinosaurs. When Zora's operation intersects with a civilian family whose boating expedition was capsized, they all find themselves stranded on an island where they come face-to-face with a sinister, shocking discovery that's been hidden from the world for decades.","878, 12, 28",30.8393,6.312,/1RICxzeoNCAO5NpcRMIgg1XT6fm.jpg,/zNriRTr0kWwyaXPzdg1EIxf0BWk.jpg,2025-07-01,movie,2026-02-15 23:40:55.624234
1218925,Chainsaw Man - The Movie: Reze Arc,"In a brutal war between devils, hunters, and secret enemies, a mysterious girl named Reze has stepped into Denji's world, and he faces his deadliest battle yet, fueled by love in a world where survival knows no rules.","16, 28, 10749, 14",32.9546,8.347,/pHyxb2RV5wLlboAwm9ZJ9qTVEDw.jpg,/gqTz24ZRsCP6AKjARmEivY7m0cK.jpg,2025-09-19,movie,2026-02-15 23:40:55.624234
1159559,Scream 7,"When a new Ghostface killer emerges in the quiet town where Sidney Prescott has built a new life, her darkest fears are realized as her daughter becomes the next target. Determined to protect her family, Sidney must face the horrors of her past to put an end to the bloodshed once and for all.","27, 9648, 80",32.5353,0.0,/jjyuk0edLiW8vOSnlfwWCCLpbh5.jpg,/yWCZc2TcsCYbMMjvUIsczmQi2TX.jpg,2026-02-25,movie,2026-02-15 23:40:55.624234
533533,TRON: Ares,"A highly sophisticated Program called Ares is sent from the digital world into the real world on a dangerous mission, marking humankind's first encounter with A.I. beings.","878, 12, 28",32.1319,6.497,/chpWmskl3aKm1aTZqUHRCtviwPy.jpg,/pUNfHmVqfwRdILhCkU8TdysVOXo.jpg,2025-10-08,movie,2026-02-15 23:40:55.624234
911430,F1,Racing legend Sonny Hayes is coaxed out of retirement to lead a struggling Formula 1 team—and mentor a young hotshot driver—while chasing one more chance at glory.,"28, 18",32.3742,7.773,/vqBmyAj0Xm9LnS1xe1MSlMAJyHq.jpg,/1KFv63mmcBGVbFl3jxxozoSFlhA.jpg,2025-06-25,movie,2026-02-15 23:40:55.624234
1548113,The Muppet Show,"Music, comedy, and a whole lot of chaos is bound to ensue when The Muppets once again take the stage of the original Muppet Theatre with their very special guest, Sabrina Carpenter!","35, 10751, 10402, 10770",25.1667,7.113,/tcwar1rL0neoLvnklL7DzYw7sN8.jpg,/knn3OIa9T4yeLjkmeQgJ8JLwdG0.jpg,2026-02-03,movie,2026-02-15 23:40:55.624234
1033462,Bureau 749,A traumatized young man with physical abnormalities is forced to join a mysterious bureau to confront a disaster spreading across the earth caused by an unknown creature. He embarks on an adventure uncovering mysteries about his life.,"28, 12, 878",32.1895,6.201,/flykCMw22y6yv8vKnBjmsW3pneo.jpg,/lf8IZ86ajGpgbuyHCZrXUeAMmvy.jpg,2024-10-01,movie,2026-02-15 23:40:55.624234
1590097,Afterlight,"In a future shaped by war, AI, and fractured timelines, five interconnected sci-fi stories explore humanity’s fight for connection, survival, and meaning across time and space.",878,25.3568,5.107,/7bzMCW1E1sOWEbjVuQ8iRGrdpcw.jpg,/cAaLaaOa6n6sH932IUIVZtKtOef.jpg,2025-11-27,movie,2026-02-15 23:40:55.624234
155,The Dark Knight,"Batman raises the stakes in his war on crime. With the help of Lt. Jim Gordon and District Attorney Harvey Dent, Batman sets out to dismantle the remaining criminal organizations that plague the streets. The partnership proves to be effective, but they soon find themselves prey to a reign of chaos unleashed by a rising criminal mastermind known to the terrified citizens of Gotham as the Joker.","28, 80, 53",30.9861,8.526,/qJ2tW6WMUDux911r6m7haRef0WH.jpg,/dqK9Hag1054tghRQSqLSfrkvQnA.jpg,2008-07-16,movie,2026-02-15 23:40:55.624234
27205,Inception,"Cobb, a skilled thief who commits corporate espionage by infiltrating the subconscious of his targets is offered a chance to regain his old life as payment for a task considered to be impossible: ""inception"", the implantation of another person's idea into a target's subconscious.","28, 878, 12",33.5223,8.37,/xlaY2zyzMfkhk0HSC5VUwzoZPU1.jpg,/ii8QGacT3MXESqBckQlyrATY0lT.jpg,2010-07-15,movie,2026-02-15 23:40:55.624234
634649,Spider-Man: No Way Home,"Peter Parker is unmasked and no longer able to separate his normal life from the high-stakes of being a super-hero. When he asks for help from Doctor Strange the stakes become even more dangerous, forcing him to discover what it truly means to be Spider-Man.","28, 12, 878",35.6277,7.932,/1g0dhYtq4irTY1GPXvft6k4YLjm.jpg,/nqUThBjou0TAWXu93Q4SNFpgqai.jpg,2021-12-15,movie,2026-02-15 23:40:55.624234
1475637,Te protegerán mis alas,"Wentinam, an orphan boy surviving on the streets of Kara, finds a new opportunity in the ""City of Boys"" thanks to the support of a Spanish missionary.",18,32.285,0.0,/4JgCz8ZUUsmsfAGhaMvDE2PUvIP.jpg,/keSSTiy7lKWL5sW2ta47fAlKPpe.jpg,2025-11-14,movie,2026-02-15 23:40:55.624234
1291608,Dhurandhar,"A mysterious traveler slips into the heart of Karachi's underbelly and rises through its ranks with lethal precision, only to tear the notorious ISI-Underworld nexus apart from within.","28, 53",30.61,6.932,/8FHOtUpNIk5ZPEay2N2EY5lrxkv.jpg,/YCunHbbBUBKx6daM9XZAXkOH8k.jpg,2025-12-05,movie,2026-02-15 23:40:55.624234
1618945,Yoh! Bestie,"Thando is perpetually unlucky in love, but when her bestie returns from his travels with a fiancée in tow, she's forced to face a new emotion — jealousy.","10749, 35",26.0492,6.2,/9wBzRaeWfELNOPmcvOVTmB3kDEl.jpg,/1EVHnzF3gescyQZSqwbx5LfQ1EN.jpg,2026-02-06,movie,2026-02-15 23:40:55.624234
1097046,"Baby Boy, Baby Girl","Josie is a failed startup businesswoman, who is struggling with no permanent job. Ever since she saw her ex-boyfriend Seb escorting a politician and broke up with him three years ago, Josie remains single. Seb, on the other hand, becomes more sophisticated from earning handsomely through Sugar Dating. Josie learns about Seb’s success, prompting her to ask Seb to groom her for Sugar Dating. Once Josie gets a grasp on the work, she will be good at what she does and will not struggle financially anymore. At the same time, Seb’s feelings for her start coming back, but Josie now sees love differently. She thinks that love should only be transactional. It does not help that Josie can’t forget the time when Seb broke her heart.",18,34.4234,2.5,/cTi6t2F7i5MjhqRIEBjav6GJLfa.jpg,/5pP3kpWWPJrtIafL0o5lxOova7N.jpg,2023-03-22,movie,2026-02-15 23:40:55.624234
524047,Greenland,"John Garrity, his estranged wife and their young son embark on a perilous journey to find sanctuary as a planet-killing comet hurtles toward Earth. Amid terrifying accounts of cities getting levelled, the Garritys experience the best and worst in humanity. As the countdown to the global apocalypse approaches zero, their incredible trek culminates in a desperate and last-minute flight to a possible safe haven.","28, 12, 53, 878",30.4501,7.1,/bNo2mcvSwIvnx8K6y1euAc1TLVq.jpg,/2Fk3AB8E9dYIBc2ywJkxk8BTyhc.jpg,2020-07-29,movie,2026-02-15 23:40:55.625237
1370814,The Plague,"A socially awkward tween endures the ruthless hierarchy at a water polo camp, his anxiety spiraling into psychological turmoil over the summer.","18, 53",25.0528,6.829,/b0RWuqzgvyfiIYU4QfgJHhmxZF4.jpg,/kHyN3PejjlYWYz1Eah3jS64oV0g.jpg,2025-12-24,movie,2026-02-15 23:40:55.625237
1491902,Bang,"Follows a ruthless hitman who, after narrowly escaping a fatal attempt on his life, betrays his gang in an effort to find forgiveness but ends up becoming a target himself.","28, 53",29.9458,6.672,/8SUzKOqe2ectvhYdSnR7Vq2F3n1.jpg,/sW0X1265yuRHUorLKCrJDv9TJD7.jpg,2025-07-11,movie,2026-02-15 23:40:55.625237
1387382,Hunting Season,"When a reclusive survivalist and his daughter rescue a mysterious, wounded woman from a river, they become entangled in a deadly web of violence and revenge, forcing them to confront a brutal criminal to survive.","28, 18, 53",30.5219,7.138,/cbryTyaWdqrKpQCw6K7zm2jrB5v.jpg,/eJ0HooOOD1uzI39CfOQNWIiWKlJ.jpg,2025-12-05,movie,2026-02-15 23:40:55.625237
122,The Lord of the Rings: The Return of the King,"As armies mass for a final battle that will decide the fate of the world--and powerful, ancient forces of Light and Dark compete to determine the outcome--one member of the Fellowship of the Ring is revealed as the noble heir to the throne of the Kings of Men. Yet, the sole hope for triumph over evil lies with a brave hobbit, Frodo, who, accompanied by his loyal friend Sam and the hideous, wretched Gollum, ventures deep into the very dark heart of Mordor on his seemingly impossible quest to destroy the Ring of Power.​","12, 14, 28",30.1025,8.493,/rCzpDGLbOoPwLjy3OAm5NUPOTrC.jpg,/2u7zbn8EudG6kLlBzUYqP8RyFU4.jpg,2003-12-17,movie,2026-02-15 23:40:55.625237
2734,Law & Order: Special Victims Unit,"In the criminal justice system, sexually-based offenses are considered especially heinous. In New York City, the dedicated detectives who investigate these vicious felonies are members of an elite squad known as the Special Victims Unit. These are their stories.","80, 18, 9648",288.565,7.94,/iofokHZoUB4Qhik4PflvJl8TT6a.jpg,/uU4iZfJY7RKqto86YOQe3TB6y6j.jpg,1999-09-20,movie,2026-02-15 23:40:58.953762
1416,Grey's Anatomy,Follows the personal and professional lives of a group of doctors at Seattle's Grey Sloan Memorial Hospital.,18,284.914,8.211,/hjJkrLXhWvGHpLeLBDFznpBTY1S.jpg,/jP0Rhj9OTPDAwQlHQwOLFDdeE8t.jpg,2005-03-27,movie,2026-02-15 23:40:58.953762
456,The Simpsons,"Set in Springfield, the average American town, the show focuses on the antics and everyday adventures of the Simpson family; Homer, Marge, Bart, Lisa and Maggie, as well as a virtual cast of thousands. Since the beginning, the series has been a pop culture icon, attracting hundreds of celebrities to guest star. The show has also made name for itself in its fearless satirical take on politics, media and American life in general.","10751, 16, 35",281.2337,8.0,/uWpG7GqfKGQqX4YMAo3nv5OrglV.jpg,/jIArNHIekrCSVgdMbKPAXpPY03Y.jpg,1989-12-17,movie,2026-02-15 23:40:58.953762
1622,Supernatural,"When they were boys, Sam and Dean Winchester lost their mother to a mysterious and demonic supernatural force. Subsequently, their father raised them to be soldiers. He taught them about the paranormal evil that lives in the dark corners and on the back roads of America ... and he taught them how to kill it. Now, the Winchester brothers crisscross the country in their '67 Chevy Impala, battling every kind of supernatural threat they encounter along the way. ","18, 9648, 10765",280.5457,8.305,/u40gJarLPlIkwouKlzGdobQOV9k.jpg,/ro0tlgnsco4SwbdAgmscLkSlMSL.jpg,2005-09-13,movie,2026-02-15 23:40:58.953762
79744,The Rookie,"Starting over isn't easy, especially for small-town guy John Nolan who, after a life-altering incident, is pursuing his dream of being an LAPD officer. As the force's oldest rookie, he’s met with skepticism from some higher-ups who see him as just a walking midlife crisis.","80, 18, 35",273.8106,8.529,/70kTz0OmjjZe7zHvIDrq2iKW7PJ.jpg,/6iNWfGVCEfASDdlNb05TP5nG0ll.jpg,2018-10-16,movie,2026-02-15 23:40:58.953762
66732,Stranger Things,"When a young boy vanishes, a small town uncovers a mystery involving secret experiments, terrifying supernatural forces, and one strange little girl.","10765, 9648, 10759",263.2162,8.58,/uOOtwVbSr4QDjAGIifLDwpb2Pdl.jpg,/8zbAoryWbtH0DKdev8abFAjdufy.jpg,2016-07-15,movie,2026-02-15 23:40:58.953762
1434,Family Guy,"Sick, twisted, politically incorrect and Freakin' Sweet animated series featuring the adventures of the dysfunctional Griffin family. Bumbling Peter and long-suffering Lois have three kids. Stewie (a brilliant but sadistic baby bent on killing his mother and taking over the world), Meg (the oldest, and is the most unpopular girl in town) and Chris (the middle kid, he's not very bright but has a passion for movies). The final member of the family is Brian - a talking dog and much more than a pet, he keeps Stewie in check whilst sipping Martinis and sorting through his own life issues.","16, 35",234.4044,7.389,/3PFsEuAiyLkWsP4GG6dIV37Q6gu.jpg,/jbTqU6BJMufoMnPSlO4ThrcXs3Y.jpg,1999-01-31,movie,2026-02-15 23:40:58.953762
549,Law & Order,"In cases ripped from the headlines, police investigate serious and often deadly crimes, weighing the evidence and questioning the suspects until someone is taken into custody. The district attorney's office then builds a case to convict the perpetrator by proving the person guilty beyond a reasonable doubt. Working together, these expert teams navigate all sides of the complex criminal justice system to make New York a safer place.","80, 18",214.0926,7.349,/haJ9eHytVO3H3JooMJG1DiWwDNm.jpg,/tc7canPSAn2X14hYi6Rl3gZm1o4.jpg,1990-09-13,movie,2026-02-15 23:40:58.953762
224372,A Knight of the Seven Kingdoms,"A century before the events of Game of Thrones, two unlikely heroes wandered Westeros: a young, naive but courageous knight, Ser Duncan the Tall, and his diminutive squire, Egg. Set in an age when the Targaryen line still holds the Iron Throne and the last dragon has not yet passed from living memory, great destinies, powerful foes, and dangerous exploits await these improbable and incomparable friends.","18, 10765, 10759",214.0248,8.3,/abrZg2iodq4XeBngpNESOgfPvBM.jpg,/7mkUu1F2hVUNgz24xO8HPx0D6mK.jpg,2026-01-18,movie,2026-02-15 23:40:58.953762
4614,NCIS,"From murder and espionage to terrorism and stolen submarines, a team of special agents investigates any crime that has any connection to Navy and Marine Corps personnel, regardless of rank or position.","80, 18, 10759",211.7108,7.623,/mBcu8d6x6zB1el3MPNl7cZQEQ31.jpg,/nn3SuLTO4hum8yAxaY4ql8h6kRk.jpg,2003-09-23,movie,2026-02-15 23:40:58.953762
19530,Pili,"Pili is a puppet show from Taiwan. It is made by Pili International Multimedia. The TV series started in 1985, and it still continues today. It is one of the most popular TV shows in Taiwan. Pili puppet show is performed by many kinds of puppets, some of them are cool, some are intelligent, and some are funny. Unlike traditional puppet shows, Pili puppet show uses state-of-the-art animation to help present its fighting art. The delicate design of the appearance and characteristics of each puppet has made Pili puppet show a well-known entertainment in Taiwan.","10759, 18",210.1319,6.9,/sBVfyRYPmKSARRTodsTbwHqgcRA.jpg,/luUTaPpTBM8BjP4wgCLxNIPkx6k.jpg,1988-06-01,movie,2026-02-15 23:40:58.953762
1408,House,"Dr. Gregory House, a drug-addicted, unconventional, misanthropic medical genius, leads a team of diagnosticians at the fictional Princeton–Plainsboro Teaching Hospital in New Jersey.",18,203.466,8.577,/3Cz7ySOQJmqiuTdrc6CY0r65yDI.jpg,/r0Q6eeN9L1ORL9QsV0Sg8ZV3vnv.jpg,2004-11-16,movie,2026-02-15 23:40:58.953762
95479,JUJUTSU KAISEN,"Yuji Itadori is a boy with tremendous physical strength, though he lives a completely ordinary high school life. One day, to save a classmate who has been attacked by curses, he eats the finger of Ryomen Sukuna, taking the curse into his own soul. From then on, he shares one body with Ryomen Sukuna. Guided by the most powerful of sorcerers, Satoru Gojo, Itadori is admitted to Tokyo Jujutsu High School, an organization that fights the curses... and thus begins the heroic tale of a boy who became a curse to exorcise a curse, a life from which he could never turn back.","16, 10759, 10765",199.7131,8.561,/fHpKWq9ayzSk8nSwqRuaAUemRKh.jpg,/gmECX1DvFgdUPjtio2zaL8BPYPu.jpg,2020-10-03,movie,2026-02-15 23:40:58.953762
1399,Game of Thrones,"Seven noble families fight for control of the mythical land of Westeros. Friction between the houses leads to full-scale war. All while a very ancient evil awakens in the farthest north. Amidst the war, a neglected military order of misfits, the Night's Watch, is all that stands between the realms of men and icy horrors beyond.","10765, 18, 10759",192.8855,8.5,/1XS1oqL89opfnbLl8WnZY1O1uJx.jpg,/zZqpAXxVSBtxV9qPBcscfXBcL2w.jpg,2011-04-17,movie,2026-02-15 23:40:58.953762
1396,Breaking Bad,"Walter White, a New Mexico chemistry teacher, is diagnosed with Stage III cancer and given a prognosis of only two years left to live. He becomes filled with a sense of fearlessness and an unrelenting desire to secure his family's financial future at any cost as he enters the dangerous world of drugs and crime.","18, 80",180.4606,8.937,/ztkUQFLlC19CCMYHW9o1zWhJRNq.jpg,/tsRy63Mu5cu8etL1X7ZLyf7UP1M.jpg,2008-01-20,movie,2026-02-15 23:40:58.953762
4604,Smallville,The origins of the world’s greatest hero–from Krypton refugee Kal-el’s arrival on Earth through his tumultuous teen years to Clark Kent’s final steps toward embracing his destiny as the Man of Steel.,"10765, 10759, 18",169.7424,8.183,/mHZSq8LA5Dt48JjaOZ5tcPXQRVN.jpg,/hBSSm06lrxjhbCKhCUiRN8AGBQG.jpg,2001-10-16,movie,2026-02-15 23:40:58.953762
46952,The Blacklist,"Raymond ""Red"" Reddington, one of the FBI's most wanted fugitives, surrenders in person at FBI Headquarters in Washington, D.C. He claims that he and the FBI have the same interests: bringing down dangerous criminals and terrorists. In the last two decades, he's made a list of criminals and terrorists that matter the most but the FBI cannot find because it does not know they exist. Reddington calls this ""The Blacklist"". Reddington will co-operate, but insists that he will speak only to Elizabeth Keen, a rookie FBI profiler.","18, 80, 9648",167.4431,7.637,/4HTfd1PhgFUenJxVuBDNdLmdr0c.jpg,/2eIlCirgcvEwmCSYh2wDfz5Sxvz.jpg,2013-09-23,movie,2026-02-15 23:40:58.953762
22980,Watch What Happens Live with Andy Cohen,Bravo network executive Andy Cohen discusses pop culture topics with celebrities and reality show personalities.,"10767, 35",167.0863,5.0,/onSD9UXfJwrMXWhq7UY7hGF2S1h.jpg,/butPVWgcbtAjL9Z7jU7Xj1KA8KD.jpg,2009-07-16,movie,2026-02-15 23:40:58.953762
1668,Friends,"Six young people from New York City, on their own and struggling to survive in the real world, find the companionship, comfort and support they get from each other to be the perfect antidote to the pressures of life.",35,162.1985,8.416,/2koX1xLkpTQM4IZebYvKysFW1Nh.jpg,/l0qVZIpXtIo7km9u5Yqh0nKPOr5.jpg,1994-09-22,movie,2026-02-15 23:40:58.953762
60735,The Flash,"After being struck by lightning, CSI investigator Barry Allen awakens from a nine-month coma to discover he has been  granted the gift of super speed.  Teaming up with S.T.A.R. Labs, Barry takes on the persona of The Flash, the Fastest  Man Alive, to protect his city.","18, 10765",156.897,7.766,/yZevl2vHQgmosfwUdVNzviIfaWS.jpg,/gFkHcIh7iE5G0oVOgpmY8ONQjhl.jpg,2014-10-07,movie,2026-02-15 23:40:58.953762
1405,Dexter,"Dexter Morgan, a blood spatter pattern analyst for the Miami Metro Police also leads a secret life as a serial killer, hunting down criminals who have slipped through the cracks of justice.","80, 18, 9648",155.8526,8.226,/q8dWfc4JwQuv3HayIZeO84jAXED.jpg,/aSGSxGMTP893DPMCvMl9AdnEICE.jpg,2006-10-01,movie,2026-02-15 23:40:58.953762
1431,CSI: Crime Scene Investigation,"A Las Vegas team of forensic investigators are trained to solve criminal cases by scouring the crime scene, collecting irrefutable evidence and finding the missing pieces that solve the mystery.","80, 18, 9648",155.34,7.63,/i5hmoRjHNWady4AtAGICTUXknKH.jpg,/cvlLBcQWpO9X21jDHhgPJnE2aVq.jpg,2000-10-06,movie,2026-02-15 23:40:58.953762
4057,Criminal Minds,"An elite team of FBI profilers analyze the country's most twisted criminal minds, anticipating their next moves before they strike again. The Behavioral Analysis Unit's most experienced agent is David Rossi, a founding member of the BAU who returns to help the team solve new cases.","80, 18, 9648",153.3277,8.298,/gigxjNnACiXAfrwoMox5WJFgc0I.jpg,/w88B4ooZ2LSYPw5107JOkjvI8PI.jpg,2005-09-22,movie,2026-02-15 23:40:58.953762
4656,Raw,"A regularly scheduled, live, year-round program featuring some of the biggest WWE Superstars.",10764,152.823,6.803,/pv5WNnLUo7mpT8k901Lo8UovrqI.jpg,/n69QxkZ0RRc6PMNnxD9U0MZnLzl.jpg,1993-01-11,movie,2026-02-15 23:40:58.953762
57243,Doctor Who,"The Doctor is a Time Lord: a 900 year old alien with 2 hearts, part of a gifted civilization who mastered time travel. The Doctor saves planets for a living—more of a hobby actually, and the Doctor's very, very good at it.","10759, 18, 10765",151.2358,7.588,/w8enSKCf6Zm0topeQ2XPccDqsqp.jpg,/vcFW09U4834DyFOeRZpsx9x1D3S.jpg,2005-03-26,movie,2026-02-15 23:40:58.953762
1433,American Dad!,"The series focuses on an eccentric motley crew that is the Smith family and their three housemates: Father, husband, and breadwinner Stan Smith; his better half housewife, Francine Smith; their college-aged daughter, Hayley Smith; and their high-school-aged son, Steve Smith. Outside of the Smith family, there are three additional main characters, including Hayley's boyfriend turned husband, Jeff Fischer; the family's man-in-a-goldfish-body pet, Klaus; and most notably the family's zany alien, Roger, who is ""full of masquerades, brazenness, and shocking antics.""","16, 35",149.4128,7.0,/eb9sH2am9IUSQ8GhXTNAVoujk8W.jpg,/mc3rG5M9dFVjMfaCFNfbD5gu2pK.jpg,2005-02-06,movie,2026-02-15 23:40:58.953762
1911,Bones,"Dr. Temperance Brennan and her colleagues at the Jeffersonian's Medico-Legal Lab assist Special Agent Seeley Booth with murder investigations when the remains are so badly decomposed, burned or destroyed that the standard identification methods are useless.","80, 18",148.6202,8.197,/eyTu5c8LniVciRZIOSHTvvkkgJa.jpg,/4AXxajuAz9tHAOe6h5zDg8z1X2s.jpg,2005-09-13,movie,2026-02-15 23:40:58.953762
34307,Shameless,"Chicagoan Frank Gallagher is the proud single dad of six smart, industrious, independent kids, who without him would be... perhaps better off. When Frank's not at the bar spending what little money they have, he's passed out on the floor. But the kids have found ways to grow up in spite of him. They may not be like any family you know, but they make no apologies for being exactly who they are.","18, 35",146.6231,8.169,/ifo31fMWLmyOVpdak9K0kY4jldQ.jpg,/5s9XHTB9SLPdg3mNU6BlSLnZ9Qq.jpg,2011-01-09,movie,2026-02-15 23:40:58.953762
4087,The X-Files,"The exploits of FBI Special Agents Fox Mulder and Dana Scully who investigate X-Files: marginalized, unsolved cases involving paranormal phenomena. Mulder believes in the existence of aliens and the paranormal while Scully, a skeptic, is assigned to make scientific analyses of Mulder's discoveries that debunk Mulder's work and thus return him to mainstream cases.","9648, 10765, 80",144.5566,8.374,/rcBx0p8h51LHceyhquYMxbspJQu.jpg,/w00lfexrsOeR25dO4hsWhbcUnmD.jpg,1993-09-10,movie,2026-02-15 23:40:58.953762
4607,Lost,"Stripped of everything, the survivors of a horrific plane crash  must work together to stay alive. But the island holds many secrets.","9648, 10759, 18",143.4332,7.947,/og6S0aTZU6YUJAbqxeKjCa3kY1E.jpg,/yUOFocKDW7MCC5isx4FK8A68QFp.jpg,2004-09-22,movie,2026-02-15 23:40:58.953762
91239,Bridgerton,"Wealth, lust, and betrayal set in the backdrop of Regency era England, seen through the eyes of the powerful Bridgerton family.",18,141.2022,8.1,/uXTg565ahu9RwonCX1V2Hex1NU6.jpg,/6umsRLI7t0ydFwCl0JNEIO0q2LH.jpg,2020-12-25,movie,2026-02-15 23:40:58.953762
764,Midsomer Murders,"The peacefulness of the Midsomer community is shattered by violent crimes, suspects are placed under suspicion, and it is up to a veteran DCI and his young sergeant to calmly and diligently eliminate the innocent and ruthlessly pursue the guilty. ","80, 18, 9648",140.4334,7.51,/pz7tsWxe0TTdfJnWPjZAEnrSl5M.jpg,/qVmgq1KXBp6BF2EqYPPaUG9iUGy.jpg,1997-03-23,movie,2026-02-15 23:40:58.953762
71712,The Good Doctor,"Shaun Murphy, a young surgeon with autism and savant syndrome, relocates from a quiet country life to join a prestigious hospital's surgical unit. Unable to personally connect with those around him, Shaun uses his extraordinary medical gifts to save lives and challenge the skepticism of his colleagues.",18,138.1383,8.464,/luhKkdD80qe62fwop6sdrXK9jUT.jpg,/f3cin9kOz4nOrlYEMxGFQhv4bdN.jpg,2017-09-25,movie,2026-02-15 23:40:58.953762
1421,Modern Family,"The Pritchett-Dunphy-Tucker clan is a wonderfully large and blended family. They give us an honest and often hilarious look into the sometimes warm, sometimes twisted, embrace of the modern family.",35,137.241,7.896,/k5Qg5rgPoKdh3yTJJrLtyoyYGwC.jpg,/nO7EzksrBzlNpAg5rgv8HzaBIkx.jpg,2009-09-23,movie,2026-02-15 23:40:58.953762
2661,Kamen Rider,"Takeshi Hongo is a promising young man with a passion for motorcycle racing. However, his dreams are suddenly ruined when he gets kidnapped by Shocker, the evil secret organization planning to dominate the world. After being remodeled into a cyborg, Takeshi escapes and swears to protect the world from the inhuman monsters.","10759, 10765, 18",134.2052,6.5,/lv3OlrXyTNg4Dz0JrtopOmMziNs.jpg,/usLRh1bcbL0Q9X8zf6rL4OV1qrA.jpg,1971-04-03,movie,2026-02-15 23:40:58.953762
59941,The Tonight Show Starring Jimmy Fallon,"After Jay Leno's second retirement from the program, Jimmy Fallon stepped in as his permanent replacement. After 42 years in Los Angeles the program was brought back to New York.","35, 10767",128.7194,5.863,/1N4o5PmmqhlVDrcdJ2RlCFWbLGX.jpg,/7VO04TtL1jIT6XOPs9u4jdB8KaB.jpg,2014-02-17,movie,2026-02-15 23:40:58.953762
65733,Doraemon,"Robotic cat Doraemon is sent back in time from the 22nd century to protect 10-year-old Noby, a lazy and uncoordinated boy who is destined to have a tragic future. Doraemon can create secret gadgets from a pocket on his stomach, but they usually cause more bad than good because of Noby's propensity to misuse them.","10759, 16, 35, 10765, 10762, 10751",127.0246,8.037,/9ZN1P32SHviL3SV51qLivxycvcx.jpg,/c2oiRa7V3bQzof4wVGzLXtWJ5QU.jpg,2005-04-22,movie,2026-02-15 23:40:58.953762
2316,The Office,"The everyday lives of office employees in the Scranton, Pennsylvania branch of the fictional Dunder Mifflin Paper Company.",35,125.1636,8.6,/dg9e5fPRRId8PoBE0F6jl5y85Eu.jpg,/bY2J2Jq8rSrKm5xCFtzYzqFh44o.jpg,2005-03-24,movie,2026-02-15 23:40:58.953762
240459,Spartacus: House of Ashur,"In a world where he survived the events of Spartacus, Ashur clawed his way to power, owning the same ludus that once owned him. Allying with a fierce gladiatrix, Ashur ignites a new kind of spectacle that offends the elite.","18, 10759",123.2451,6.69,/vNByuzy60v31nmUVPMA8oAtneUK.jpg,/c78kbj781ddvmSn5mgLWFQbC7di.jpg,2025-12-05,movie,2026-02-15 23:40:58.953762
1402,The Walking Dead,Sheriff's deputy Rick Grimes awakens from a coma to find a post-apocalyptic world dominated by flesh-eating zombies. He sets out to find his family and encounters many other survivors along the way.,"10759, 18, 10765",122.881,8.086,/ng3cMtxYKt1OSQYqFlnKWnVsqNO.jpg,/rAOjnEFTuNysY7bot8zonhImGMh.jpg,2010-10-31,movie,2026-02-15 23:40:58.953762
106379,Fallout,"The story of haves and have-nots in a world in which there's almost nothing left to have. 200 years after the apocalypse, the gentle denizens of luxury fallout shelters are forced to return to the irradiated hellscape their ancestors left behind — and are shocked to discover an incredibly complex, gleefully weird, and highly violent universe waiting for them.","10759, 10765",122.7311,8.136,/c15BtJxCXMrISLVmysdsnZUPQft.jpg,/coaPCIqQBPUZsOnJcWZxhaORcDT.jpg,2024-04-10,movie,2026-02-15 23:40:58.953762
60625,Rick and Morty,Follows a sociopathic genius scientist who drags his inherently timid grandson on adventures across the universe.,"16, 35, 10765, 10759",120.2076,8.681,/WGRQ8FpjkDTzivQJ43t94bOuY0.jpg,/Ao5pBFuWY32cVuh6iYjEjZMEscN.jpg,2013-12-02,movie,2026-02-15 23:40:58.953762
2190,South Park,"Follow the misadventures of four irreverent grade-schoolers in the quiet, dysfunctional town of South Park, Colorado.","16, 35",117.0972,8.336,/1CGwZCFX2qerXaXQJJUB3qUvxq7.jpg,/3UviYOlhn8EgXMBuiT6MnUuo1w9.jpg,1997-08-13,movie,2026-02-15 23:40:58.953762
60622,Fargo,"A close-knit anthology series dealing with stories involving malice, violence and murder based in and around Minnesota.","80, 18",116.9822,8.292,/6U9CPeD8obHzweikFhiLhpc7YBT.jpg,/4jrSbRpLqpvYJtLKncaxZVC47EW.jpg,2014-04-15,movie,2026-02-15 23:40:58.953762
63174,Lucifer,"Bored and unhappy as the Lord of Hell, Lucifer Morningstar abandoned his throne and retired to Los Angeles, where he has teamed up with LAPD detective Chloe Decker to take down criminals. But the longer he's away from the underworld, the greater the threat that the worst of humanity could escape.","80, 10765",116.6675,8.437,/ekZobS8isE6mA53RAiGDG93hBxL.jpg,/ncftkNAjIz2PBbUMY7T0CHVJP8d.jpg,2016-01-25,movie,2026-02-15 23:40:58.953762
4629,Stargate SG-1,"The story of Stargate SG-1 begins about a year after the events of the feature film, when the United States government learns that an ancient alien device called the Stargate can access a network of such devices on a multitude of planets. SG-1 is an elite Air Force special operations team, one of more than two dozen teams from Earth who explore the galaxy and defend against alien threats such as the Goa'uld, Replicators, and the Ori.","10765, 10759",114.941,8.276,/dQjmI7XxI47v8IM2MUysHG0LuU2.jpg,/yOyzlRw54oYaGvhUBdPr7TFwtrX.jpg,1997-07-27,movie,2026-02-15 23:40:58.953762
5920,The Mentalist,"Patrick Jane, a former celebrity psychic medium, uses his razor sharp skills of observation and expertise at ""reading"" people to solve serious crimes with the California Bureau of Investigation.","80, 18, 9648",113.6824,8.354,/acYXu4KaDj1NIkMgObnhe4C4a0T.jpg,/q3pCsNvJ7CmdJUz2sJEEUY3pOPC.jpg,2008-09-23,movie,2026-02-15 23:40:58.953762
1407,Homeland,"CIA officer Carrie Mathison is tops in her field despite being bipolar, which makes her volatile and unpredictable. With the help of her long-time mentor Saul Berenson, Carrie fearlessly risks everything, including her personal well-being and even sanity, at every turn.","18, 10768, 80",111.4861,7.587,/6GAvS2e6VIRsms9FpVt33PsCoEW.jpg,/391ixi0wVbFtFLQnOy8ZncWv2io.jpg,2011-10-02,movie,2026-02-15 23:40:58.953762
17610,NCIS: Los Angeles,"The exploits of the Los Angeles–based Office of Special Projects (OSP), an elite division of the Naval Criminal Investigative Service that specializes in undercover assignments.","10759, 18, 80, 9648",110.798,7.535,/TIIgcznwNfNr3KOZvxn26eKV99.jpg,/dAepkmD4vdfhS82r2OIqF1nwGR5.jpg,2009-09-22,movie,2026-02-15 23:40:58.953762
2224,The Daily Show,"The World's Fakest News Team tackle the biggest stories in news, politics and pop culture.","10763, 35",109.5962,6.403,/ixcfyK7it6FjRM36Te4OdblAq4X.jpg,/qLMfcvdCcCGD2BNLH8b6ZCBuO7D.jpg,1996-07-22,movie,2026-02-15 23:40:58.953762
18165,The Vampire Diaries,"The story of two vampire brothers obsessed with the same girl, who bears a striking resemblance to the beautiful but ruthless vampire they knew and loved in 1864.","18, 10765",109.4802,8.305,/b3vl6wV1W8PBezFfntKTrhrehCY.jpg,/cJYLon9ejKJV7ua03ab8Tj9u067.jpg,2009-09-10,movie,2026-02-15 23:40:58.953762
1412,Arrow,"Spoiled billionaire playboy Oliver Queen is missing and presumed dead when his yacht is lost at sea. He returns five years later a changed man, determined to clean up the city as a hooded vigilante armed with a bow.","80, 18, 10759",109.2519,6.831,/u8ZHFj1jC384JEkTt3vNg1DfWEb.jpg,/wAFuDJfZJrnh6a1wf1Vt7PqYBvR.jpg,2012-10-10,movie,2026-02-15 23:40:58.953762
228091,HK 80's,"This sitcom  series premiered in 1981 and changed its name every year, from ""Hong Kong 81"" to ""Hong Kong 86."" It was eventually replaced by a new sitcom called ""City Stories."" A total of 1330 episodes were produced, making it the second-longest-running series in Hong Kong, after ""Come Home Love: Lo and Behold"".

Each episode of this series is inspired by current social issues, with early storylines often satirizing society's flaws. The characters, such as ""Chen Ji,"" ""Mrs. Shun,"" ""Uncle Mao,"" ""Jue Wu Yin,"" ""Miss Su,"" ""A Wei,"" and ""Ah Kang,"" mostly hail from the grassroots, leaving a lasting impression on the audience. For example, ""Mrs. Shun,"" portrayed by Lydia Shum, later became a term to describe uneducated women who follow trends blindly. ""Chen Ji,"" played by Lawrence Ng, is a stockbroker who loves to show off his wealth, and his behavior typified that of many Hong Kongers, becoming a byword for the city's nouveau riche.","35, 18, 10751",108.2563,0.0,/6IpuLrhh7XZfIvz0OmFOSJdSORe.jpg,/kmwOP8ep8QZBKxC6gZ6igkR9pLq.jpg,1981-06-08,movie,2026-02-15 23:40:58.953762
44217,Vikings,"The adventures of Ragnar Lothbrok, the greatest hero of his age. The series tells the sagas of Ragnar's band of Viking brothers and his family, as he rises to become King of the Viking tribes. As well as being a fearless warrior, Ragnar embodies the Norse traditions of devotion to the gods. Legend has it that he was a direct descendant of Odin, the god of war and warriors.","10759, 18, 10768",108.0758,8.1,/bQLrHIRNEkE3PdIWQrZHynQZazu.jpg,/13kblIK8DnxMurcRDkeyy2sGR7v.jpg,2013-03-03,movie,2026-02-15 23:40:58.953762
58841,Chicago P.D.,"A riveting police drama about the men and women of the Chicago Police Department's District 21 who put it all on the line to serve and protect their community. District 21 is made up of two distinctly different groups: the uniformed cops who patrol the beat and go head-to-head with the city's street crimes and the Intelligence Unit that combats the city's major offenses - organized crime, drug trafficking, high profile murders and beyond.","80, 18",107.9426,8.416,/bez40PgT36RUu4gstD2A6GSM0tP.jpg,/rhp8vYG1sIFtqH3ETmHJuI5Z3Cb.jpg,2014-01-08,movie,2026-02-15 23:40:58.953762
209867,Frieren: Beyond Journey's End,"Decades after her party defeated the Demon King, an old friend's funeral launches the elf wizard Frieren on a journey of self-discovery.","16, 10759, 18, 10765",107.064,8.774,/dqZENchTd7lp5zht7BdlqM7RBhD.jpg,/rBOnrVlck7BIlGeWVlzYiZeg4l2.jpg,2023-09-29,movie,2026-02-15 23:40:58.953762
273977,The Art of Sarah,A body found in the middle of town. A luxe label on the rise. A detective tests every stitch of a woman's story that keeps changing. What really happened?,"80, 9648, 18",107.0238,8.2,/nP2PRGSmLdbZtQtoXPPppcDAsNw.jpg,/qy8gJEwspR7L5WZn4e8ItwK8m23.jpg,2026-02-13,movie,2026-02-15 23:40:58.953762
61818,Late Night with Seth Meyers,"Seth Meyers, who is ""Saturday Night Live's"" longest serving anchor on the show's wildly popular ""Weekend Update,"" takes over as host of NBC's ""Late Night"" — home to A-list celebrity guests, memorable comedy and the best in musical talent. As the Emmy Award-winning head writer for ""SNL,"" Meyers has established a reputation for sharp wit and perfectly timed comedy, and has gained fame for his spot-on jokes and satire. Meyers takes his departure from ""SNL"" to his new post at ""Late Night,"" as Jimmy Fallon moves to ""The Tonight Show"".","10767, 35",105.8039,5.298,/jm95V8XjfvqmEhw0MN09wbg9Mi3.jpg,/dfX2UaHVE5c7kLBFbgmEZJuy4Ev.jpg,2014-02-25,movie,2026-02-15 23:40:58.953762
1973,24,"Counterterrorism agent Jack Bauer fights the bad guys of the world, a day at a time. With each week's episode unfolding in real-time, ""24"" covers a single day in the life of Bauer each season.","10759, 18, 80",104.2067,7.789,/iq6yrZ5LEDXf1ArCOYLq8PIUBpV.jpg,/be6mDIMv7cg8duWkcYVnTB8rphO.jpg,2001-11-06,movie,2026-02-15 23:40:58.953762
39351,Grimm,"After Portland homicide detective Nick Burkhardt discovers he's descended from an elite line of criminal profilers known as ""Grimms,"" he increasingly finds his responsibilities as a detective at odds with his new responsibilities as a Grimm.","18, 9648, 10765",103.8812,8.268,/iOptnt1QHi6bIHmOq6adnZTV0bU.jpg,/oS3nip9GGsx5A7vWp8A1cazqJlF.jpg,2011-10-28,movie,2026-02-15 23:40:58.953762
2691,Two and a Half Men,A hedonistic jingle writer's free-wheeling life comes to an abrupt halt when his brother and 10-year-old nephew move into his beach-front house.,35,102.8844,7.4,/xgfjxyV3g1S68opzuvG6G87muDp.jpg,/2pOmuq4nkWZzwZbOfZq7CyyQAsM.jpg,2003-09-22,movie,2026-02-15 23:40:58.953762
57532,PAW Patrol,"Marshall, Rocky, Rubble, Zuma and Skye are doing their best to protect the people of their town. Led by Ryder, a tech-savvy 10-year-old boy, each of them is equipped with special equipment and together they help anyone who finds themselves in trouble. No task is too big for them and no puppy is too small.","16, 10762",102.4317,7.0,/8HXkgUBO5OF8ZK9XbY69RM4S5rv.jpg,/7OrV2aAH5Yp7hA9zCCvUloLvZtl.jpg,2013-08-12,movie,2026-02-15 23:40:58.953762
32692,Blue Bloods,"A drama about a multi-generational family of cops dedicated to New York City law enforcement. Frank Reagan is the New York Police Commissioner and heads both the police force and the Reagan brood. He runs his department as diplomatically as he runs his family, even when dealing with the politics that plagued his unapologetically bold father, Henry, during his stint as Chief.","80, 18",102.4157,7.78,/q1WlrxnCvNhBjJ4N7V0JQXjnIBN.jpg,/goDtZCB5pFIuuSfYDvApe6iXTID.jpg,2010-09-24,movie,2026-02-15 23:40:58.953762
44006,Chicago Fire,"An edge-of-your-seat view into the lives of everyday heroes committed to one of America's noblest professions. For the firefighters, rescue squad and paramedics of Chicago Firehouse 51, no occupation is more stressful or dangerous, yet so rewarding and exhilarating. These courageous men and women are among the elite who forge headfirst into danger when everyone else is running the other way and whose actions make the difference between life and death.",18,101.1404,8.4,/r915sk2JpthZSjHEgZKifWxgo6L.jpg,/14LzHqJrFcHk7ruMNCXpEkB0Thg.jpg,2012-10-10,movie,2026-02-15 23:40:58.953762
65334,Miraculous: Tales of Ladybug & Cat Noir,"Marinette and Adrien, two Parisian teenagers, are entrusted with powerful jewels in order to transform into superheroes Ladybug and Cat Noir. But neither hero knows the other's true identity — or that they're classmates!","10759, 16, 10762",100.8895,8.046,/acrtAy8gmxcsEvrDP09MpMSCeDZ.jpg,/lH22EnM0ofC7GsVGU8dAA2RXV1c.jpg,2015-10-19,movie,2026-02-15 23:40:58.953762
60572,Pokémon,"Join Ash accompanied by his partner Pikachu, as he travels through many regions, meets new friends and faces new challenges on his quest to become a Pokémon Master.","16, 10759, 10765",100.7638,8.0,/rOuGm07PxBhEsK9TaGPRQVJQm1X.jpg,/yYpQV25I7XB6S0POJOScPjxYWV5.jpg,1997-04-01,movie,2026-02-15 23:40:58.953762
2288,Prison Break,"Due to a political conspiracy, an innocent man is sent to death row and his only hope is his brother, who makes it his mission to deliberately get himself sent to the same prison in order to break the both of them out, from the inside out.","10759, 80, 18",100.1916,8.074,/wnmNPaLvhnMeOqnWlhNkYCZxtda.jpg,/n3Brk7roueE9HOwVmYlJx5j462g.jpg,2005-08-29,movie,2026-02-15 23:40:58.953762
873,Columbo,"Columbo is a friendly, verbose, disheveled-looking police detective who is consistently underestimated by his suspects. Despite his unprepossessing appearance and apparent absentmindedness, he shrewdly solves all of his cases and secures all evidence needed for indictment. His formidable eye for detail and meticulously dedicated approach often become clear to the killer only late in the storyline.","80, 18, 9648",99.3355,8.083,/2JCD8vab3fircOU8cM2HJCxfv4I.jpg,/2emkZBBiZG7pE7RBuIWtbKZ2a33.jpg,1971-09-15,movie,2026-02-15 23:40:58.953762
67136,This Is Us,"Follows the lives and families of three adults living and growing up in the United States of America in present and past times. As their paths cross and their life stories intertwine in curious ways, we find that several of them share the same birthday - and so much more than anyone would expect.",18,98.3067,8.225,/huxmY6Dmzwpv5Q2hnNft0UMK7vf.jpg,/frNEERYvgDAThEcCR5FKzggktsR.jpg,2016-09-20,movie,2026-02-15 23:40:58.953762
62650,Chicago Med,"An emotional thrill ride through the day-to-day chaos of the city's most explosive hospital and the courageous team of doctors who hold it together. They will tackle unique new cases inspired by topical events, forging fiery relationships in the pulse-pounding pandemonium of the emergency room.",18,97.8785,8.283,/9eym662FRJJb9wdgCiDKPDciZzf.jpg,/x2jNLrYw1s9i6kihEJqsBQgs9nR.jpg,2015-11-17,movie,2026-02-15 23:40:58.953762
655,Star Trek: The Next Generation,"Follow the intergalactic adventures of Capt. Jean-Luc Picard and his loyal crew aboard the all-new USS Enterprise NCC-1701D, as they explore new worlds.","10765, 10759, 18, 9648",97.7847,8.4,/vkLzXddgUKH5VcpnYiRzpJFrZhz.jpg,/qmliLoo6GVheM2FihatlAXxCKyF.jpg,1987-09-28,movie,2026-02-15 23:40:58.953762
15260,Adventure Time,"Unlikely heroes Finn and Jake are buddies who traverse the mystical Land of Ooo. The best of friends, our heroes always find themselves in the middle of escapades. Finn and Jake depend on each other through thick and thin.","16, 35, 10765",96.8063,8.5,/qk3eQ8jW4opJ48gFWYUXWaMT4l.jpg,/3uE9SUywNbj1qSAuYCGgbTTYku5.jpg,2010-04-05,movie,2026-02-15 23:40:58.953762
1400,Seinfeld,A stand-up comedian and his three offbeat friends weather the pitfalls and payoffs of life in New York City in the '90s. It's a show about nothing.,35,96.3906,8.25,/aCw8ONfyz3AhngVQa1E2Ss4KSUQ.jpg,/tMRdEsMg9MyXAkcufK9YJEeIaNW.jpg,1989-07-05,movie,2026-02-15 23:40:58.953762
1419,Castle,"After a serial killer imitates the plots of his novels, successful mystery novelist Richard ""Rick"" Castle receives permission from the Mayor of New York City to tag along with an NYPD homicide investigation team for research purposes.","18, 80",96.2123,7.971,/diXBeMzvfJb2iJg3G0kCUaMCzEc.jpg,/zOnLMRD3PIhwO5KZmWMVEnLokMo.jpg,2009-03-09,movie,2026-02-15 23:40:58.953762
71790,S.W.A.T.,"A Los Angeles S.W.A.T. sergeant is assigned to lead a highly skilled unit in the community where he grew up. Torn between loyalty to the streets, where the cops are sometimes the enemy, and allegiance to his brothers in blue, he strategically straddles the two worlds.","80, 10759, 18",96.076,8.054,/ttzrYMdsKWR8PTRLw7uo4noqaOJ.jpg,/7j4ug9B6JXVeh5HhQjjPScrdj4Z.jpg,2017-11-02,movie,2026-02-15 23:40:58.953762
124364,FROM,"Unravel the mystery of a nightmarish town in middle America that traps all those who enter. As the unwilling residents fight to keep a sense of normalcy and search for a way out, they must also survive the threats of the surrounding forest – including the terrifying creatures that come out when the sun goes down.","9648, 18, 10765",95.6652,8.154,/cjXLrg4R7FRPFafvuQ3SSznQOd9.jpg,/6gN8DYnIEln8v7OhRy61c57w0Xy.jpg,2022-02-20,movie,2026-02-15 23:40:58.953762
37680,Suits,"While running from a drug deal gone bad, Mike Ross, a brilliant young college-dropout, slips into a job interview with one of New York City's best legal closers, Harvey Specter. Tired of cookie-cutter law school grads, Harvey takes a gamble by hiring Mike on the spot after he recognizes his raw talent and photographic memory.",18,95.6572,8.221,/vQiryp6LioFxQThywxbC6TuoDjy.jpg,/or0E36KfzJYZwqXeiCfm1JgepKF.jpg,2011-06-23,movie,2026-02-15 23:40:58.953762
5092,Infinite Challenge,"Infinite Challenge has been reported as the first ""Real-Variety"" show in Korean television history. The program is largely unscripted, and follows a similar format of challenge-based Reality Television programs, familiar to the audiences in the West, but the challenges are often silly, absurd, or impossible to achieve, so the program takes on the aspect of a satirical comedy variety show, rather than a more standard reality or contest program. In order to achieve its comedic purposes its 6 hosts and staff continuously proclaim, the elements of this show are the 3-Ds, Dirty, Dangerous, and Difficult.","10764, 35",93.8784,7.7,/3ZIPTvMnzI5ThmdGeEYQFxJV5Sg.jpg,/s2qJb1FLwp1Mse9lY08JqgMp0kw.jpg,2005-04-23,movie,2026-02-15 23:40:58.953762
60059,Better Call Saul,"Six years before Saul Goodman meets Walter White. We meet him when the man who will become Saul Goodman is known as Jimmy McGill, a small-time lawyer searching for his destiny, and, more immediately, hustling to make ends meet. Working alongside, and, often, against Jimmy, is “fixer” Mike Ehrmantraut. The series tracks Jimmy’s transformation into Saul Goodman, the man who puts “criminal” in “criminal lawyer"".","80, 18",93.2389,8.703,/fC2HDm5t0kHl7mTm7jxMR31b7by.jpg,/hPea3Qy5Gd6z4kJLUruBbwAH8Rm.jpg,2015-02-08,movie,2026-02-15 23:40:58.953762
80240,The Queen of Flow,"Seventeen years after being wrongly imprisoned, a talented songwriter seeks justice against the men who caused her downfall and killed her family.","18, 80",93.0767,7.99,/fuVuDYrs8sxvEolnYr0wCSvtyTi.jpg,/pnyT1foDmmXTsho2DfxN2ePI8ix.jpg,2018-06-12,movie,2026-02-15 23:40:58.953762
1398,The Sopranos,"The story of New Jersey-based Italian-American mobster Tony Soprano and the difficulties he faces as he tries to balance the conflicting requirements of his home life and the criminal organization he heads. Those difficulties are often highlighted through his ongoing professional relationship with psychiatrist Jennifer Melfi. The show features Tony's family members and Mafia associates in prominent roles and story arcs, most notably his wife Carmela and his cousin and protégé Christopher Moltisanti.","80, 18",92.7749,8.652,/rTc7ZXdroqjkKivFPvCPX0Ru7uw.jpg,/lNpkvX2s8LGB0mjGODMT4o6Up7j.jpg,1999-01-10,movie,2026-02-15 23:40:58.953762
116799,The Lincoln Lawyer,Hotshot LA defense attorney Mickey Haller will do whatever it takes to win as he navigates the criminal justice system from his trademark Lincoln.,"18, 80",92.5339,7.7,/4jSaIqEU8CPBBNn4iVCK6wzPjSx.jpg,/jBFOVEE5sMIyT141YIqIwyU8Y1D.jpg,2022-05-13,movie,2026-02-15 23:40:58.953762
1855,Star Trek: Voyager,"Pulled to the far side of the galaxy, where the Federation is 75 years away at maximum warp speed, a Starfleet ship must cooperate with Maquis rebels to find a way home.","10765, 18, 10759",92.0264,7.8,/gNS5tRSG3UlXodCxznKKOKweqxh.jpg,/7YFranrnnIcCrgsLYQsoq8aE3Ir.jpg,1995-01-16,movie,2026-02-15 23:40:58.953762
76479,The Boys,A group of vigilantes known informally as “The Boys” set out to take down corrupt superheroes with no more than blue-collar grit and a willingness to fight dirty.,"10765, 10759",91.1297,8.441,/2zmTngn1tYC1AvfnrFLhxeD82hz.jpg,/czffzEgaBko4mXW84B1J1EnQBzo.jpg,2019-07-25,movie,2026-02-15 23:40:58.953762
63770,The Late Show with Stephen Colbert,"Stephen Colbert brings his signature satire and comedy to The Late Show with Stephen Colbert, the #1 show in late night, where he talks with an eclectic mix of guests about what is new and relevant in the worlds of politics, entertainment, business, music, technology, and more. Featuring bandleader Jon Batiste with his band Stay Human, the Emmy Award-nominated show is broadcast from the historic Ed Sullivan Theater.","35, 10767",90.3691,6.2,/9jkThAGYj2yp8jsS6Nriy5mzKFT.jpg,/gMMnf8VRg3Z98WaFmOLr9Jk8pIs.jpg,2015-09-08,movie,2026-02-15 23:40:58.953762
235685,The Pendragon Cycle: Rise of the Merlin,"Merlin, the immortal son of the bard Taliesin and Atlantean Princess Charis, is followed through his tragic upbringing, descent into madness, and shocking disappearance, leading to the legend that surrounds him. Set before King Arthur's birth, Merlin, assumed dead or a myth, reemerges in sub-Roman Britain to unite the fractured kingdoms under threat from Saxon invaders.","10765, 10759, 10751, 18",90.2492,8.4,/jJfk8NXauN4UgFQ1qn9lFzEk7ib.jpg,/lDmFwAaHL1kXnAfZeUTieAdUTko.jpg,2026-01-22,movie,2026-02-15 23:40:58.953762
32798,Hawaii Five-0,"Steve McGarrett returns home to Oahu, in order to find his father's killer. The governor offers him the chance to run his own task force (Five-0). Steve's team is joined by Chin Ho Kelly, Danny ""Danno"" Williams, and Kono Kalakaua.","80, 18, 10759",90.1114,7.75,/sIdCKlmM2nU4akIvFQaAIiU8YES.jpg,/tLccUh3uazZ9TkLhe53UwprJhI4.jpg,2010-09-20,movie,2026-02-15 23:40:58.953762
258462,In the Mud,Five female prisoners forge a unique bond after a deadly accident... until corruption and turf wars within a ruthless prison threaten to destroy them.,"80, 18",89.772,7.383,/9JWQYB7FkGtg47wFO7GOrUDgYrx.jpg,/bxPELhUZNgbFUN31EZTBC99wOHD.jpg,2025-08-14,movie,2026-02-15 23:40:58.953762
73586,Yellowstone,"Follow the violent world of the Dutton family, who controls the largest contiguous ranch in the United States. Led by their patriarch John Dutton, the family defends their property against constant attack by land developers, an Indian reservation, and America’s first National Park.","37, 18",89.7379,8.264,/s4QRRYc1V2e68Qy9Wel9MI8fhRP.jpg,/ynSOcgDLZfdLCZfRSYZGiTgYJVo.jpg,2018-06-20,movie,2026-02-15 23:40:58.953762
1695,Monk,"Adrian Monk was once a rising star with the San Francisco Police Department, legendary for using unconventional means to solve the department's most baffling cases. But after the tragic (and still unsolved) murder of his wife Trudy, he developed an extreme case of obsessive-compulsive disorder. Now working as a private consultant, Monk continues to investigate cases in the most unconventional ways.","18, 35, 80, 9648",89.4305,7.947,/3axGMbUecXXOPSeG47v2i9wK5y5.jpg,/dMY7XUfEAK0Rl8hsgc8ufEOaiZ2.jpg,2002-07-12,movie,2026-02-15 23:40:58.953762
75219,9-1-1,"Explore the high-pressure experiences of police officers, paramedics and firefighters who are thrust into the most frightening, shocking and heart-stopping situations. These emergency responders must try to balance saving those who are at their most vulnerable with solving the problems in their own lives.","18, 80, 10759",87.8791,8.221,/6njUqsd3By2mJsdZm1P0moPLzs3.jpg,/h050XJoiIobaH6bhj3MAhgilkpJ.jpg,2018-01-03,movie,2026-02-15 23:40:58.953762
46296,Spartacus,"Torn from his homeland and the woman he loves, Spartacus is condemned to the brutal world of the arena where blood and death are primetime entertainment.",18,87.526,8.031,/c2GKN4VHCj1dnjFMANRpGkCVBae.jpg,/zbfXS4o6UykeXsD8djFTyV7Cj4N.jpg,2010-01-22,movie,2026-02-15 23:40:58.953762
790,Agatha Christie's Poirot,"From England to Egypt, accompanied by his elegant and trustworthy sidekicks, the intelligent yet eccentrically-refined Belgian detective Hercule Poirot pits his wits against a collection of first class deceptions.","80, 18, 9648",87.5222,8.2,/6f4IVfbn8knb7RjdZlGLuW5guDc.jpg,/rwxxDbG9Kijki7CkmB4k64MSbte.jpg,1989-01-08,movie,2026-02-15 23:40:58.953762
274776,Unfamiliar,"When the past catches up with two former spies, their biggest challenge isn't car chases, shootouts or fistfights — it's telling each other the truth.","10759, 18, 80",86.4745,7.7,/OvNMzIOJIzDlouhZVqCHRE6HlL.jpg,/qDq3dG4ElRohih5fUGNQRLHuBaC.jpg,2026-02-05,movie,2026-02-15 23:40:58.953762
12971,Dragon Ball Z,"Now happily married and with a son, martial arts champion Goku must defend Earth from a series of extraterrestrial invaders bent on destruction.","16, 10765, 10759",86.3537,8.357,/yfyToia25GnvjY7FPAGaCm3lKRc.jpg,/ydf1CeiBLfdxiyNTpskM0802TKl.jpg,1989-04-26,movie,2026-02-15 23:40:58.953762
30984,Bleach,"For as long as he can remember, Ichigo Kurosaki has been able to see ghosts. But when he meets Rukia, a Soul Reaper who battles evil spirits known as Hollows, he finds his life is changed forever. Now, with a newfound wealth of spiritual energy, Ichigo discovers his true calling: to protect the living and the dead from evil.","10759, 16, 10765",86.2694,8.358,/2EewmxXe72ogD0EaWM8gqa0ccIw.jpg,/o0NsbcIvsllg6CJX0FBFY8wWbsn.jpg,2004-10-05,movie,2026-02-15 23:40:58.953762
1413,American Horror Story,"An anthology horror drama series centering on different characters and locations, including a house with a murderous past, an asylum, a witch coven, a freak show, a hotel, a farmhouse in Roanoke, a cult, the apocalypse and a summer camp.","18, 9648, 10765",86.2597,8.092,/5LLG9bjq0i7V5N4UfRhnab8zHK4.jpg,/a4doyPOabvQor0RGkWdhVENAR3G.jpg,2011-10-05,movie,2026-02-15 23:40:58.953762
688,The West Wing,The West Wing provides a glimpse into presidential politics in the nation's capital as it tells the stories of the members of a fictional presidential administration. These interesting characters have humor and dedication that touches the heart while the politics that they discuss touch on everyday life.,18,85.7818,8.251,/yqDWr5NAE7m1IWrygYwLyEB6pN0.jpg,/o6ixncGLOtRPz78vEIy9p1cOn9J.jpg,1999-09-22,movie,2026-02-15 23:40:58.953762
693,Desperate Housewives,"Looking down on her friends and family isn't a way of life for Mary Alice Young... it's a way of death. One day, in her perfect house, in the loveliest of suburbs, Mary Alice ended it all. Now she's taking us into the lives of her family, friends and neighbors, commenting from her elevated P.O.V.","9648, 18, 35",85.4082,7.9,/4qeI51jDzH81PpUUNaJCBrfm7f6.jpg,/kub3bZS2sOGviEjo4p1ohREboVb.jpg,2004-10-03,movie,2026-02-15 23:40:58.953762
250307,The Pitt,The staff of Pittsburgh's Trauma Medical Center work around the clock to save lives in an overcrowded and underfunded emergency department.,18,84.8639,8.7,/kvFSpESyBZMjaeOJDx7RS3P1jey.jpg,/6uPBHw488MUW6x51zZ2OCJo6Dgp.jpg,2025-01-09,movie,2026-02-15 23:40:58.953762
